Ward,Precinct,RAHM EMANUEL,WILLIE WILSON,ROBERT W. FIORETTI,"JESUS ""CHUY"" GARCIA",WILLIAM WALLS III,Votes Cast
1.0,1.0,62.0,5.0,11.0,115.0,2.0,195.0
1.0,2.0,56.0,10.0,12.0,107.0,1.0,186.0
1.0,3.0,95.0,3.0,15.0,94.0,1.0,208.0
1.0,4.0,111.0,4.0,20.0,92.0,2.0,229.0
1.0,5.0,88.0,4.0,10.0,63.0,1.0,166.0
1.0,6.0,87.0,3.0,17.0,106.0,2.0,215.0
1.0,7.0,60.0,2.0,15.0,72.0,5.0,154.0
1.0,8.0,115.0,15.0,8.0,80.0,3.0,221.0
1.0,9.0,87.0,12.0,13.0,85.0,0.0,197.0
1.0,10.0,92.0,5.0,12.0,63.0,3.0,175.0
1.0,11.0,71.0,2.0,16.0,87.0,2.0,178.0
1.0,12.0,71.0,6.0,34.0,105.0,5.0,221.0
1.0,13.0,39.0,2.0,4.0,54.0,1.0,100.0
1.0,14.0,112.0,10.0,15.0,82.0,1.0,220.0
1.0,15.0,49.0,9.0,24.0,109.0,2.0,193.0
1.0,16.0,55.0,3.0,8.0,129.0,0.0,195.0
1.0,17.0,71.0,9.0,10.0,108.0,3.0,201.0
1.0,18.0,79.0,8.0,10.0,127.0,1.0,225.0
1.0,19.0,96.0,0.0,14.0,183.0,3.0,296.0
1.0,20.0,49.0,7.0,11.0,116.0,1.0,184.0
1.0,21.0,89.0,4.0,5.0,69.0,5.0,172.0
1.0,22.0,57.0,2.0,7.0,62.0,1.0,129.0
1.0,23.0,99.0,5.0,22.0,173.0,1.0,300.0
1.0,24.0,62.0,9.0,5.0,92.0,0.0,168.0
1.0,25.0,48.0,9.0,10.0,84.0,3.0,154.0
1.0,26.0,48.0,1.0,9.0,100.0,1.0,159.0
1.0,27.0,72.0,7.0,14.0,71.0,2.0,166.0
1.0,28.0,64.0,16.0,2.0,36.0,14.0,132.0
1.0,29.0,104.0,8.0,16.0,90.0,3.0,221.0
1.0,30.0,77.0,12.0,5.0,153.0,4.0,251.0
1.0,31.0,96.0,10.0,10.0,85.0,3.0,204.0
1.0,32.0,81.0,2.0,28.0,83.0,0.0,194.0
1.0,33.0,100.0,7.0,19.0,105.0,2.0,233.0
1.0,34.0,59.0,3.0,12.0,106.0,0.0,180.0
1.0,35.0,98.0,4.0,20.0,94.0,5.0,221.0
1.0,36.0,92.0,4.0,29.0,65.0,0.0,190.0
1.0,37.0,93.0,1.0,28.0,82.0,1.0,205.0
1.0,38.0,70.0,6.0,22.0,119.0,2.0,219.0
1.0,39.0,70.0,1.0,14.0,92.0,0.0,177.0
1.0,40.0,112.0,12.0,20.0,77.0,5.0,226.0
1.0,41.0,46.0,2.0,4.0,95.0,3.0,150.0
1.0,42.0,10.0,0.0,6.0,39.0,0.0,55.0
1.0,43.0,60.0,7.0,12.0,81.0,5.0,165.0
1.0,44.0,53.0,1.0,14.0,71.0,1.0,140.0
2.0,1.0,89.0,8.0,11.0,74.0,0.0,182.0
2.0,2.0,180.0,7.0,20.0,29.0,1.0,237.0
2.0,3.0,95.0,7.0,15.0,71.0,4.0,192.0
2.0,4.0,68.0,6.0,31.0,97.0,2.0,204.0
2.0,5.0,75.0,6.0,17.0,101.0,1.0,200.0
2.0,6.0,64.0,8.0,30.0,91.0,1.0,194.0
2.0,7.0,104.0,9.0,13.0,67.0,1.0,194.0
2.0,8.0,71.0,7.0,25.0,91.0,1.0,195.0
2.0,9.0,125.0,3.0,11.0,27.0,1.0,167.0
2.0,10.0,197.0,5.0,22.0,25.0,1.0,250.0
2.0,11.0,215.0,2.0,14.0,35.0,2.0,268.0
2.0,12.0,145.0,13.0,20.0,51.0,9.0,238.0
2.0,13.0,230.0,6.0,31.0,60.0,2.0,329.0
2.0,14.0,116.0,13.0,35.0,118.0,6.0,288.0
2.0,15.0,99.0,13.0,19.0,69.0,5.0,205.0
2.0,16.0,81.0,6.0,13.0,59.0,0.0,159.0
2.0,17.0,155.0,9.0,23.0,111.0,3.0,301.0
2.0,18.0,164.0,4.0,18.0,37.0,3.0,226.0
2.0,19.0,204.0,6.0,7.0,30.0,2.0,249.0
2.0,20.0,100.0,4.0,14.0,35.0,0.0,153.0
2.0,21.0,107.0,2.0,17.0,103.0,1.0,230.0
2.0,22.0,189.0,7.0,23.0,56.0,0.0,275.0
2.0,23.0,204.0,2.0,3.0,35.0,0.0,244.0
2.0,24.0,153.0,7.0,14.0,32.0,3.0,209.0
2.0,25.0,104.0,3.0,25.0,63.0,1.0,196.0
2.0,26.0,120.0,17.0,17.0,41.0,2.0,197.0
2.0,27.0,174.0,7.0,16.0,29.0,3.0,229.0
2.0,28.0,166.0,3.0,19.0,57.0,1.0,246.0
2.0,29.0,156.0,5.0,12.0,42.0,1.0,216.0
2.0,30.0,144.0,3.0,16.0,40.0,0.0,203.0
2.0,31.0,255.0,7.0,22.0,47.0,0.0,331.0
2.0,32.0,105.0,5.0,11.0,34.0,4.0,159.0
2.0,33.0,265.0,4.0,36.0,58.0,3.0,366.0
2.0,34.0,188.0,1.0,17.0,32.0,1.0,239.0
2.0,35.0,134.0,7.0,16.0,27.0,2.0,186.0
2.0,36.0,161.0,6.0,22.0,31.0,1.0,221.0
2.0,37.0,166.0,10.0,29.0,65.0,0.0,270.0
2.0,38.0,214.0,4.0,19.0,38.0,1.0,276.0
2.0,39.0,141.0,19.0,15.0,32.0,4.0,211.0
2.0,40.0,126.0,4.0,17.0,34.0,3.0,184.0
2.0,41.0,91.0,5.0,13.0,21.0,1.0,131.0
2.0,42.0,138.0,10.0,14.0,39.0,3.0,204.0
2.0,43.0,201.0,8.0,20.0,38.0,0.0,267.0
2.0,44.0,97.0,2.0,16.0,43.0,0.0,158.0
2.0,45.0,155.0,30.0,22.0,59.0,4.0,270.0
2.0,46.0,78.0,6.0,9.0,26.0,0.0,119.0
3.0,1.0,107.0,79.0,11.0,73.0,29.0,299.0
3.0,2.0,228.0,100.0,14.0,68.0,19.0,429.0
3.0,3.0,152.0,34.0,14.0,46.0,8.0,254.0
3.0,4.0,114.0,49.0,25.0,83.0,20.0,291.0
3.0,5.0,87.0,64.0,9.0,30.0,3.0,193.0
3.0,6.0,147.0,6.0,38.0,62.0,4.0,257.0
3.0,7.0,114.0,67.0,23.0,48.0,17.0,269.0
3.0,8.0,81.0,36.0,12.0,49.0,12.0,190.0
3.0,9.0,126.0,63.0,13.0,75.0,13.0,290.0
3.0,10.0,68.0,36.0,11.0,29.0,7.0,151.0
3.0,11.0,93.0,57.0,18.0,65.0,16.0,249.0
3.0,12.0,152.0,82.0,16.0,63.0,14.0,327.0
3.0,13.0,174.0,14.0,39.0,69.0,6.0,302.0
3.0,14.0,114.0,14.0,21.0,40.0,6.0,195.0
3.0,15.0,83.0,63.0,16.0,45.0,23.0,230.0
3.0,16.0,101.0,66.0,8.0,48.0,16.0,239.0
3.0,17.0,121.0,39.0,25.0,62.0,13.0,260.0
3.0,18.0,154.0,41.0,42.0,76.0,18.0,331.0
3.0,19.0,122.0,6.0,48.0,40.0,0.0,216.0
3.0,20.0,108.0,52.0,14.0,61.0,20.0,255.0
3.0,21.0,163.0,26.0,45.0,61.0,8.0,303.0
3.0,22.0,99.0,7.0,40.0,73.0,3.0,222.0
3.0,23.0,128.0,47.0,11.0,35.0,23.0,244.0
3.0,24.0,114.0,68.0,6.0,48.0,9.0,245.0
3.0,25.0,196.0,8.0,26.0,53.0,0.0,283.0
3.0,26.0,215.0,17.0,42.0,74.0,7.0,355.0
3.0,27.0,109.0,5.0,49.0,54.0,3.0,220.0
3.0,28.0,114.0,77.0,8.0,23.0,17.0,239.0
3.0,29.0,122.0,77.0,11.0,50.0,11.0,271.0
3.0,30.0,111.0,59.0,21.0,80.0,19.0,290.0
3.0,31.0,142.0,67.0,12.0,64.0,13.0,298.0
3.0,32.0,148.0,17.0,32.0,57.0,4.0,258.0
3.0,33.0,95.0,10.0,32.0,42.0,2.0,181.0
3.0,34.0,151.0,27.0,46.0,50.0,7.0,281.0
3.0,35.0,47.0,18.0,19.0,26.0,10.0,120.0
3.0,36.0,50.0,48.0,10.0,18.0,13.0,139.0
3.0,37.0,89.0,51.0,6.0,52.0,21.0,219.0
3.0,38.0,178.0,56.0,16.0,47.0,14.0,311.0
3.0,39.0,139.0,4.0,27.0,36.0,1.0,207.0
3.0,40.0,148.0,35.0,28.0,70.0,19.0,300.0
3.0,41.0,142.0,49.0,25.0,42.0,19.0,277.0
4.0,1.0,99.0,26.0,27.0,177.0,11.0,340.0
4.0,2.0,166.0,14.0,32.0,60.0,4.0,276.0
4.0,3.0,104.0,65.0,4.0,68.0,15.0,256.0
4.0,4.0,143.0,82.0,16.0,87.0,22.0,350.0
4.0,5.0,128.0,50.0,16.0,111.0,15.0,320.0
4.0,6.0,212.0,62.0,39.0,79.0,11.0,403.0
4.0,7.0,157.0,58.0,22.0,107.0,21.0,365.0
4.0,8.0,130.0,83.0,14.0,110.0,23.0,360.0
4.0,9.0,190.0,66.0,23.0,153.0,29.0,461.0
4.0,10.0,149.0,52.0,22.0,98.0,17.0,338.0
4.0,11.0,148.0,57.0,19.0,51.0,20.0,295.0
4.0,12.0,109.0,44.0,15.0,94.0,24.0,286.0
4.0,13.0,78.0,4.0,21.0,29.0,2.0,134.0
4.0,14.0,114.0,54.0,43.0,74.0,17.0,302.0
4.0,15.0,149.0,59.0,21.0,101.0,25.0,355.0
4.0,16.0,140.0,4.0,23.0,58.0,1.0,226.0
4.0,17.0,144.0,5.0,43.0,71.0,2.0,265.0
4.0,18.0,147.0,57.0,17.0,73.0,14.0,308.0
4.0,19.0,102.0,68.0,15.0,51.0,22.0,258.0
4.0,20.0,147.0,8.0,51.0,76.0,7.0,289.0
4.0,21.0,121.0,13.0,38.0,61.0,6.0,239.0
4.0,22.0,161.0,30.0,12.0,96.0,17.0,316.0
4.0,23.0,150.0,27.0,14.0,152.0,15.0,358.0
4.0,24.0,110.0,28.0,18.0,82.0,16.0,254.0
4.0,25.0,146.0,10.0,37.0,54.0,4.0,251.0
4.0,26.0,137.0,76.0,21.0,79.0,15.0,328.0
4.0,27.0,102.0,29.0,26.0,140.0,10.0,307.0
4.0,28.0,146.0,49.0,28.0,82.0,21.0,326.0
4.0,29.0,95.0,50.0,12.0,72.0,13.0,242.0
4.0,30.0,166.0,76.0,16.0,66.0,21.0,345.0
4.0,31.0,200.0,54.0,20.0,97.0,18.0,389.0
4.0,32.0,123.0,53.0,14.0,76.0,15.0,281.0
4.0,33.0,132.0,63.0,18.0,110.0,15.0,338.0
4.0,34.0,103.0,56.0,14.0,71.0,22.0,266.0
4.0,35.0,168.0,57.0,29.0,114.0,23.0,391.0
4.0,36.0,120.0,55.0,47.0,90.0,28.0,340.0
4.0,37.0,146.0,2.0,56.0,73.0,8.0,285.0
4.0,38.0,163.0,44.0,28.0,106.0,14.0,355.0
5.0,1.0,98.0,45.0,8.0,50.0,17.0,218.0
5.0,2.0,96.0,48.0,6.0,55.0,16.0,221.0
5.0,3.0,76.0,8.0,13.0,166.0,10.0,273.0
5.0,4.0,128.0,27.0,26.0,100.0,12.0,293.0
5.0,5.0,126.0,46.0,7.0,80.0,23.0,282.0
5.0,6.0,100.0,56.0,8.0,72.0,10.0,246.0
5.0,7.0,146.0,30.0,8.0,72.0,9.0,265.0
5.0,8.0,139.0,6.0,10.0,141.0,1.0,297.0
5.0,9.0,149.0,33.0,14.0,111.0,12.0,319.0
5.0,10.0,83.0,45.0,11.0,64.0,16.0,219.0
5.0,11.0,131.0,21.0,12.0,157.0,6.0,327.0
5.0,12.0,73.0,50.0,9.0,60.0,8.0,200.0
5.0,13.0,107.0,48.0,1.0,78.0,18.0,252.0
5.0,14.0,137.0,47.0,15.0,86.0,26.0,311.0
5.0,15.0,126.0,36.0,7.0,78.0,14.0,261.0
5.0,16.0,124.0,54.0,14.0,52.0,20.0,264.0
5.0,17.0,108.0,51.0,5.0,48.0,15.0,227.0
5.0,18.0,105.0,25.0,15.0,95.0,18.0,258.0
5.0,19.0,103.0,22.0,16.0,162.0,4.0,307.0
5.0,20.0,153.0,29.0,19.0,122.0,12.0,335.0
5.0,21.0,93.0,22.0,17.0,120.0,8.0,260.0
5.0,22.0,211.0,23.0,12.0,101.0,8.0,355.0
5.0,23.0,190.0,25.0,28.0,186.0,11.0,440.0
5.0,24.0,90.0,32.0,17.0,133.0,11.0,283.0
5.0,25.0,124.0,50.0,13.0,86.0,14.0,287.0
5.0,26.0,117.0,46.0,11.0,66.0,15.0,255.0
5.0,27.0,96.0,3.0,9.0,124.0,1.0,233.0
5.0,28.0,139.0,58.0,19.0,95.0,21.0,332.0
5.0,29.0,132.0,56.0,18.0,108.0,22.0,336.0
5.0,30.0,72.0,46.0,11.0,48.0,12.0,189.0
5.0,31.0,95.0,52.0,15.0,52.0,13.0,227.0
5.0,32.0,153.0,45.0,24.0,104.0,22.0,348.0
5.0,33.0,138.0,62.0,13.0,73.0,33.0,319.0
5.0,34.0,177.0,5.0,8.0,140.0,2.0,332.0
5.0,35.0,126.0,19.0,17.0,137.0,10.0,309.0
5.0,36.0,97.0,56.0,8.0,31.0,20.0,212.0
5.0,37.0,187.0,20.0,20.0,122.0,11.0,360.0
5.0,38.0,121.0,54.0,9.0,42.0,20.0,246.0
5.0,39.0,137.0,8.0,10.0,104.0,7.0,266.0
5.0,40.0,101.0,48.0,16.0,61.0,22.0,248.0
5.0,41.0,114.0,14.0,9.0,61.0,5.0,203.0
6.0,1.0,134.0,54.0,22.0,84.0,24.0,318.0
6.0,2.0,130.0,66.0,27.0,50.0,15.0,288.0
6.0,3.0,151.0,62.0,11.0,49.0,26.0,299.0
6.0,4.0,83.0,49.0,2.0,40.0,14.0,188.0
6.0,5.0,67.0,51.0,6.0,43.0,8.0,175.0
6.0,6.0,117.0,48.0,18.0,71.0,15.0,269.0
6.0,7.0,97.0,61.0,3.0,58.0,19.0,238.0
6.0,8.0,128.0,46.0,20.0,74.0,15.0,283.0
6.0,9.0,85.0,42.0,7.0,70.0,16.0,220.0
6.0,10.0,73.0,33.0,9.0,21.0,7.0,143.0
6.0,11.0,90.0,63.0,8.0,52.0,15.0,228.0
6.0,12.0,59.0,40.0,3.0,32.0,12.0,146.0
6.0,13.0,100.0,44.0,20.0,39.0,14.0,217.0
6.0,14.0,104.0,77.0,15.0,52.0,13.0,261.0
6.0,15.0,74.0,72.0,8.0,36.0,6.0,196.0
6.0,16.0,144.0,67.0,13.0,64.0,20.0,308.0
6.0,17.0,78.0,48.0,6.0,31.0,10.0,173.0
6.0,18.0,99.0,54.0,7.0,27.0,16.0,203.0
6.0,19.0,109.0,63.0,10.0,45.0,12.0,239.0
6.0,20.0,58.0,33.0,7.0,26.0,7.0,131.0
6.0,21.0,66.0,47.0,2.0,39.0,3.0,157.0
6.0,22.0,80.0,44.0,6.0,40.0,8.0,178.0
6.0,23.0,55.0,43.0,4.0,33.0,6.0,141.0
6.0,24.0,71.0,46.0,5.0,14.0,10.0,146.0
6.0,25.0,65.0,37.0,6.0,20.0,12.0,140.0
6.0,26.0,62.0,44.0,7.0,27.0,17.0,157.0
6.0,27.0,43.0,59.0,5.0,23.0,10.0,140.0
6.0,28.0,53.0,40.0,4.0,32.0,6.0,135.0
6.0,29.0,145.0,54.0,21.0,78.0,26.0,324.0
6.0,30.0,77.0,54.0,10.0,41.0,12.0,194.0
6.0,31.0,119.0,50.0,15.0,75.0,23.0,282.0
6.0,32.0,105.0,61.0,12.0,60.0,16.0,254.0
6.0,33.0,119.0,71.0,6.0,55.0,24.0,275.0
6.0,34.0,112.0,53.0,7.0,79.0,16.0,267.0
6.0,35.0,108.0,64.0,7.0,66.0,17.0,262.0
6.0,36.0,135.0,46.0,10.0,67.0,21.0,279.0
6.0,37.0,114.0,84.0,17.0,87.0,20.0,322.0
6.0,38.0,123.0,45.0,20.0,93.0,30.0,311.0
6.0,39.0,92.0,53.0,10.0,59.0,20.0,234.0
6.0,40.0,84.0,52.0,8.0,71.0,17.0,232.0
6.0,41.0,119.0,52.0,14.0,53.0,17.0,255.0
6.0,42.0,116.0,51.0,18.0,59.0,11.0,255.0
6.0,43.0,92.0,58.0,14.0,64.0,11.0,239.0
6.0,44.0,122.0,72.0,12.0,65.0,20.0,291.0
6.0,45.0,115.0,49.0,19.0,78.0,19.0,280.0
6.0,46.0,89.0,50.0,12.0,53.0,11.0,215.0
6.0,47.0,72.0,45.0,10.0,48.0,13.0,188.0
6.0,48.0,111.0,48.0,8.0,64.0,15.0,246.0
7.0,1.0,73.0,50.0,13.0,58.0,12.0,206.0
7.0,2.0,88.0,31.0,13.0,51.0,10.0,193.0
7.0,3.0,97.0,43.0,7.0,75.0,27.0,249.0
7.0,4.0,91.0,50.0,8.0,64.0,21.0,234.0
7.0,5.0,90.0,59.0,7.0,52.0,17.0,225.0
7.0,6.0,123.0,48.0,10.0,92.0,16.0,289.0
7.0,7.0,78.0,43.0,6.0,38.0,12.0,177.0
7.0,8.0,138.0,68.0,4.0,27.0,9.0,246.0
7.0,9.0,213.0,86.0,15.0,103.0,26.0,443.0
7.0,10.0,104.0,54.0,8.0,77.0,14.0,257.0
7.0,11.0,108.0,62.0,8.0,45.0,20.0,243.0
7.0,12.0,97.0,45.0,9.0,40.0,13.0,204.0
7.0,13.0,103.0,39.0,5.0,33.0,13.0,193.0
7.0,14.0,94.0,63.0,9.0,56.0,12.0,234.0
7.0,15.0,99.0,58.0,12.0,84.0,19.0,272.0
7.0,16.0,73.0,40.0,9.0,45.0,14.0,181.0
7.0,17.0,66.0,50.0,6.0,50.0,9.0,181.0
7.0,18.0,74.0,43.0,16.0,49.0,13.0,195.0
7.0,19.0,96.0,53.0,4.0,43.0,24.0,220.0
7.0,20.0,81.0,39.0,5.0,31.0,9.0,165.0
7.0,21.0,69.0,42.0,3.0,46.0,12.0,172.0
7.0,22.0,92.0,38.0,8.0,52.0,11.0,201.0
7.0,23.0,115.0,52.0,18.0,70.0,17.0,272.0
7.0,24.0,100.0,59.0,12.0,57.0,17.0,245.0
7.0,25.0,80.0,49.0,5.0,59.0,8.0,201.0
7.0,26.0,87.0,50.0,8.0,48.0,16.0,209.0
7.0,27.0,103.0,45.0,11.0,44.0,18.0,221.0
7.0,28.0,73.0,44.0,2.0,47.0,9.0,175.0
7.0,29.0,106.0,47.0,9.0,33.0,14.0,209.0
7.0,30.0,67.0,37.0,8.0,49.0,12.0,173.0
7.0,31.0,64.0,16.0,6.0,53.0,6.0,145.0
7.0,32.0,194.0,56.0,29.0,81.0,27.0,387.0
7.0,33.0,163.0,54.0,14.0,105.0,25.0,361.0
7.0,34.0,124.0,69.0,22.0,64.0,32.0,311.0
7.0,35.0,91.0,53.0,12.0,68.0,11.0,235.0
7.0,36.0,123.0,57.0,16.0,93.0,24.0,313.0
7.0,37.0,123.0,46.0,14.0,89.0,21.0,293.0
7.0,38.0,87.0,36.0,9.0,35.0,10.0,177.0
7.0,39.0,103.0,43.0,4.0,48.0,23.0,221.0
7.0,40.0,116.0,58.0,8.0,52.0,15.0,249.0
7.0,41.0,92.0,50.0,16.0,48.0,10.0,216.0
7.0,42.0,106.0,42.0,6.0,43.0,15.0,212.0
7.0,43.0,109.0,60.0,7.0,51.0,8.0,235.0
7.0,44.0,95.0,51.0,5.0,43.0,6.0,200.0
7.0,45.0,98.0,51.0,8.0,57.0,8.0,222.0
7.0,46.0,74.0,24.0,3.0,16.0,8.0,125.0
8.0,1.0,74.0,54.0,5.0,33.0,15.0,181.0
8.0,2.0,105.0,36.0,16.0,51.0,12.0,220.0
8.0,3.0,146.0,66.0,24.0,72.0,18.0,326.0
8.0,4.0,143.0,48.0,5.0,78.0,26.0,300.0
8.0,5.0,131.0,83.0,15.0,86.0,22.0,337.0
8.0,6.0,130.0,44.0,11.0,62.0,13.0,260.0
8.0,7.0,143.0,54.0,9.0,97.0,16.0,319.0
8.0,8.0,127.0,58.0,22.0,72.0,18.0,297.0
8.0,9.0,79.0,31.0,5.0,52.0,13.0,180.0
8.0,10.0,145.0,53.0,24.0,113.0,24.0,359.0
8.0,11.0,111.0,47.0,11.0,56.0,27.0,252.0
8.0,12.0,101.0,50.0,8.0,55.0,11.0,225.0
8.0,13.0,138.0,65.0,8.0,57.0,16.0,284.0
8.0,14.0,43.0,42.0,2.0,32.0,7.0,126.0
8.0,15.0,97.0,62.0,11.0,42.0,12.0,224.0
8.0,16.0,33.0,16.0,0.0,17.0,3.0,69.0
8.0,17.0,111.0,40.0,14.0,62.0,16.0,243.0
8.0,18.0,102.0,51.0,6.0,34.0,10.0,203.0
8.0,19.0,117.0,76.0,23.0,96.0,22.0,334.0
8.0,20.0,114.0,73.0,13.0,53.0,27.0,280.0
8.0,21.0,109.0,64.0,13.0,65.0,26.0,277.0
8.0,22.0,99.0,67.0,8.0,40.0,21.0,235.0
8.0,23.0,89.0,42.0,12.0,50.0,11.0,204.0
8.0,24.0,75.0,29.0,12.0,39.0,14.0,169.0
8.0,25.0,113.0,50.0,1.0,52.0,13.0,229.0
8.0,26.0,108.0,51.0,7.0,49.0,16.0,231.0
8.0,27.0,118.0,58.0,15.0,84.0,17.0,292.0
8.0,28.0,117.0,67.0,7.0,63.0,19.0,273.0
8.0,29.0,106.0,62.0,9.0,89.0,16.0,282.0
8.0,30.0,119.0,69.0,12.0,71.0,15.0,286.0
8.0,31.0,88.0,44.0,19.0,45.0,12.0,208.0
8.0,32.0,105.0,44.0,2.0,52.0,17.0,220.0
8.0,33.0,128.0,64.0,9.0,47.0,8.0,256.0
8.0,34.0,101.0,74.0,10.0,55.0,13.0,253.0
8.0,35.0,136.0,72.0,15.0,74.0,18.0,315.0
8.0,36.0,118.0,62.0,16.0,62.0,21.0,279.0
8.0,37.0,108.0,32.0,19.0,67.0,18.0,244.0
8.0,38.0,79.0,41.0,6.0,31.0,16.0,173.0
8.0,39.0,106.0,62.0,6.0,80.0,12.0,266.0
8.0,40.0,91.0,35.0,4.0,50.0,14.0,194.0
8.0,41.0,106.0,62.0,13.0,55.0,18.0,254.0
8.0,42.0,129.0,69.0,5.0,83.0,26.0,312.0
8.0,43.0,48.0,37.0,2.0,36.0,8.0,131.0
8.0,44.0,68.0,33.0,6.0,50.0,18.0,175.0
8.0,45.0,83.0,47.0,5.0,37.0,10.0,182.0
8.0,46.0,66.0,52.0,11.0,56.0,11.0,196.0
8.0,47.0,105.0,63.0,2.0,47.0,7.0,224.0
8.0,48.0,92.0,46.0,8.0,48.0,21.0,215.0
8.0,49.0,111.0,49.0,11.0,78.0,14.0,263.0
8.0,50.0,130.0,64.0,8.0,82.0,12.0,296.0
8.0,51.0,123.0,73.0,12.0,68.0,7.0,283.0
8.0,52.0,142.0,87.0,15.0,75.0,37.0,356.0
8.0,53.0,64.0,42.0,5.0,30.0,13.0,154.0
8.0,54.0,84.0,36.0,5.0,34.0,7.0,166.0
8.0,55.0,89.0,32.0,5.0,26.0,8.0,160.0
8.0,56.0,131.0,36.0,15.0,66.0,26.0,274.0
9.0,1.0,121.0,59.0,4.0,36.0,21.0,241.0
9.0,2.0,94.0,58.0,5.0,44.0,12.0,213.0
9.0,3.0,51.0,51.0,3.0,25.0,13.0,143.0
9.0,4.0,94.0,37.0,9.0,36.0,9.0,185.0
9.0,5.0,109.0,57.0,7.0,48.0,17.0,238.0
9.0,6.0,96.0,70.0,6.0,52.0,27.0,251.0
9.0,7.0,78.0,41.0,6.0,33.0,10.0,168.0
9.0,8.0,86.0,55.0,9.0,37.0,13.0,200.0
9.0,9.0,137.0,70.0,9.0,58.0,17.0,291.0
9.0,10.0,86.0,62.0,2.0,35.0,16.0,201.0
9.0,11.0,71.0,46.0,8.0,45.0,8.0,178.0
9.0,12.0,110.0,65.0,12.0,61.0,26.0,274.0
9.0,13.0,138.0,77.0,14.0,65.0,13.0,307.0
9.0,14.0,158.0,76.0,16.0,78.0,13.0,341.0
9.0,15.0,57.0,57.0,6.0,23.0,10.0,153.0
9.0,16.0,104.0,54.0,10.0,48.0,14.0,230.0
9.0,17.0,75.0,55.0,2.0,31.0,21.0,184.0
9.0,18.0,60.0,46.0,8.0,35.0,8.0,157.0
9.0,19.0,85.0,57.0,10.0,54.0,11.0,217.0
9.0,20.0,131.0,62.0,6.0,66.0,17.0,282.0
9.0,21.0,110.0,56.0,7.0,34.0,17.0,224.0
9.0,22.0,130.0,49.0,19.0,60.0,16.0,274.0
9.0,23.0,117.0,63.0,13.0,70.0,19.0,282.0
9.0,24.0,127.0,57.0,9.0,68.0,10.0,271.0
9.0,25.0,87.0,61.0,10.0,78.0,12.0,248.0
9.0,26.0,64.0,30.0,7.0,37.0,14.0,152.0
9.0,27.0,101.0,58.0,10.0,31.0,18.0,218.0
9.0,28.0,60.0,26.0,2.0,33.0,1.0,122.0
9.0,29.0,99.0,55.0,3.0,48.0,22.0,227.0
9.0,30.0,68.0,65.0,10.0,47.0,9.0,199.0
9.0,31.0,85.0,61.0,12.0,30.0,10.0,198.0
9.0,32.0,95.0,62.0,9.0,56.0,13.0,235.0
9.0,33.0,88.0,40.0,4.0,25.0,17.0,174.0
9.0,34.0,73.0,69.0,7.0,29.0,9.0,187.0
9.0,35.0,130.0,57.0,16.0,44.0,16.0,263.0
9.0,36.0,102.0,42.0,7.0,41.0,11.0,203.0
9.0,37.0,144.0,24.0,56.0,90.0,10.0,324.0
9.0,38.0,102.0,51.0,8.0,53.0,18.0,232.0
9.0,39.0,108.0,58.0,11.0,58.0,19.0,254.0
9.0,40.0,140.0,62.0,13.0,58.0,17.0,290.0
9.0,41.0,104.0,47.0,12.0,41.0,11.0,215.0
9.0,42.0,118.0,51.0,8.0,108.0,19.0,304.0
9.0,43.0,84.0,51.0,12.0,39.0,14.0,200.0
9.0,44.0,79.0,73.0,6.0,60.0,18.0,236.0
9.0,45.0,87.0,49.0,6.0,33.0,9.0,184.0
9.0,46.0,107.0,55.0,10.0,51.0,16.0,239.0
9.0,47.0,141.0,68.0,16.0,74.0,14.0,313.0
9.0,48.0,106.0,65.0,12.0,64.0,22.0,269.0
9.0,49.0,95.0,53.0,12.0,52.0,20.0,232.0
9.0,50.0,134.0,61.0,22.0,113.0,31.0,361.0
9.0,51.0,105.0,65.0,9.0,64.0,21.0,264.0
10.0,1.0,106.0,41.0,3.0,80.0,7.0,237.0
10.0,2.0,138.0,9.0,57.0,111.0,2.0,317.0
10.0,3.0,140.0,9.0,37.0,109.0,3.0,298.0
10.0,4.0,68.0,17.0,9.0,90.0,5.0,189.0
10.0,5.0,116.0,10.0,34.0,89.0,2.0,251.0
10.0,6.0,96.0,4.0,29.0,109.0,1.0,239.0
10.0,7.0,75.0,7.0,8.0,103.0,3.0,196.0
10.0,8.0,51.0,25.0,1.0,47.0,4.0,128.0
10.0,9.0,138.0,10.0,54.0,128.0,1.0,331.0
10.0,10.0,117.0,3.0,33.0,181.0,1.0,335.0
10.0,11.0,100.0,4.0,23.0,204.0,2.0,333.0
10.0,12.0,81.0,3.0,20.0,89.0,1.0,194.0
10.0,13.0,106.0,14.0,8.0,147.0,4.0,279.0
10.0,14.0,136.0,4.0,25.0,253.0,0.0,418.0
10.0,15.0,183.0,125.0,24.0,109.0,31.0,472.0
10.0,16.0,91.0,3.0,29.0,80.0,2.0,205.0
10.0,17.0,194.0,12.0,61.0,156.0,3.0,426.0
10.0,18.0,48.0,16.0,1.0,76.0,2.0,143.0
10.0,19.0,117.0,8.0,41.0,162.0,7.0,335.0
10.0,20.0,165.0,11.0,23.0,134.0,5.0,338.0
10.0,21.0,100.0,8.0,24.0,178.0,3.0,313.0
10.0,22.0,43.0,3.0,6.0,98.0,0.0,150.0
10.0,23.0,90.0,4.0,16.0,163.0,0.0,273.0
10.0,24.0,152.0,13.0,52.0,125.0,4.0,346.0
10.0,25.0,24.0,8.0,4.0,40.0,3.0,79.0
10.0,26.0,60.0,10.0,8.0,98.0,0.0,176.0
10.0,27.0,65.0,41.0,7.0,111.0,5.0,229.0
10.0,28.0,111.0,7.0,26.0,209.0,0.0,353.0
10.0,29.0,85.0,8.0,19.0,124.0,3.0,239.0
10.0,30.0,76.0,4.0,11.0,153.0,2.0,246.0
10.0,31.0,63.0,4.0,11.0,127.0,2.0,207.0
10.0,32.0,113.0,3.0,20.0,142.0,1.0,279.0
10.0,33.0,61.0,5.0,21.0,115.0,3.0,205.0
10.0,34.0,65.0,8.0,4.0,77.0,2.0,156.0
10.0,35.0,134.0,4.0,56.0,201.0,1.0,396.0
10.0,36.0,31.0,13.0,2.0,31.0,1.0,78.0
11.0,1.0,157.0,7.0,48.0,100.0,5.0,317.0
11.0,2.0,13.0,8.0,2.0,4.0,4.0,31.0
11.0,3.0,47.0,4.0,10.0,134.0,1.0,196.0
11.0,4.0,109.0,7.0,39.0,120.0,2.0,277.0
11.0,5.0,92.0,16.0,35.0,127.0,2.0,272.0
11.0,6.0,124.0,4.0,29.0,88.0,1.0,246.0
11.0,7.0,75.0,19.0,19.0,66.0,3.0,182.0
11.0,8.0,106.0,8.0,35.0,93.0,4.0,246.0
11.0,9.0,97.0,4.0,50.0,93.0,2.0,246.0
11.0,10.0,134.0,4.0,47.0,87.0,1.0,273.0
11.0,11.0,129.0,9.0,48.0,107.0,5.0,298.0
11.0,12.0,259.0,6.0,114.0,178.0,4.0,561.0
11.0,13.0,239.0,9.0,79.0,146.0,2.0,475.0
11.0,14.0,89.0,9.0,33.0,38.0,3.0,172.0
11.0,15.0,80.0,4.0,14.0,26.0,2.0,126.0
11.0,16.0,102.0,7.0,39.0,69.0,3.0,220.0
11.0,17.0,117.0,6.0,46.0,109.0,6.0,284.0
11.0,18.0,152.0,2.0,40.0,64.0,2.0,260.0
11.0,19.0,144.0,11.0,38.0,137.0,0.0,330.0
11.0,20.0,128.0,2.0,39.0,60.0,0.0,229.0
11.0,21.0,242.0,15.0,64.0,141.0,2.0,464.0
11.0,22.0,183.0,7.0,65.0,120.0,7.0,382.0
11.0,23.0,126.0,3.0,25.0,44.0,0.0,198.0
11.0,24.0,260.0,7.0,87.0,100.0,1.0,455.0
11.0,25.0,139.0,2.0,33.0,112.0,3.0,289.0
11.0,26.0,206.0,14.0,51.0,127.0,1.0,399.0
11.0,27.0,43.0,3.0,12.0,39.0,2.0,99.0
11.0,28.0,100.0,4.0,22.0,49.0,2.0,177.0
11.0,29.0,193.0,13.0,59.0,116.0,3.0,384.0
11.0,30.0,88.0,1.0,13.0,37.0,0.0,139.0
11.0,31.0,174.0,6.0,49.0,98.0,2.0,329.0
11.0,32.0,104.0,1.0,52.0,31.0,0.0,188.0
11.0,33.0,111.0,8.0,22.0,65.0,0.0,206.0
11.0,34.0,71.0,6.0,16.0,30.0,1.0,124.0
11.0,35.0,79.0,8.0,17.0,23.0,2.0,129.0
11.0,36.0,59.0,4.0,24.0,46.0,3.0,136.0
11.0,37.0,64.0,2.0,7.0,20.0,4.0,97.0
11.0,38.0,26.0,2.0,2.0,60.0,0.0,90.0
12.0,1.0,84.0,3.0,19.0,173.0,2.0,281.0
12.0,2.0,56.0,2.0,8.0,116.0,2.0,184.0
12.0,3.0,65.0,5.0,19.0,199.0,3.0,291.0
12.0,4.0,72.0,2.0,9.0,150.0,1.0,234.0
12.0,5.0,73.0,8.0,22.0,104.0,3.0,210.0
12.0,6.0,60.0,9.0,11.0,137.0,3.0,220.0
12.0,7.0,34.0,3.0,2.0,152.0,0.0,191.0
12.0,8.0,86.0,9.0,12.0,135.0,3.0,245.0
12.0,9.0,58.0,4.0,12.0,122.0,1.0,197.0
12.0,10.0,38.0,3.0,4.0,144.0,5.0,194.0
12.0,11.0,48.0,2.0,9.0,152.0,1.0,212.0
12.0,12.0,57.0,3.0,11.0,116.0,1.0,188.0
12.0,13.0,48.0,2.0,13.0,151.0,3.0,217.0
12.0,14.0,28.0,4.0,1.0,141.0,0.0,174.0
12.0,15.0,56.0,15.0,6.0,132.0,4.0,213.0
12.0,16.0,33.0,1.0,0.0,139.0,2.0,175.0
12.0,17.0,51.0,4.0,10.0,163.0,1.0,229.0
12.0,18.0,41.0,1.0,10.0,131.0,0.0,183.0
12.0,19.0,58.0,1.0,9.0,146.0,1.0,215.0
12.0,20.0,56.0,4.0,9.0,161.0,1.0,231.0
12.0,21.0,58.0,3.0,16.0,151.0,2.0,230.0
12.0,22.0,32.0,2.0,4.0,123.0,0.0,161.0
12.0,23.0,69.0,3.0,21.0,142.0,1.0,236.0
13.0,1.0,136.0,2.0,24.0,70.0,1.0,233.0
13.0,2.0,146.0,5.0,31.0,71.0,2.0,255.0
13.0,3.0,54.0,2.0,6.0,70.0,1.0,133.0
13.0,4.0,147.0,7.0,43.0,88.0,2.0,287.0
13.0,5.0,128.0,1.0,14.0,119.0,3.0,265.0
13.0,6.0,151.0,3.0,39.0,79.0,0.0,272.0
13.0,7.0,112.0,1.0,6.0,68.0,0.0,187.0
13.0,8.0,93.0,1.0,28.0,74.0,0.0,196.0
13.0,9.0,99.0,2.0,13.0,79.0,1.0,194.0
13.0,10.0,130.0,4.0,36.0,87.0,1.0,258.0
13.0,11.0,157.0,5.0,28.0,103.0,0.0,293.0
13.0,12.0,75.0,7.0,8.0,90.0,1.0,181.0
13.0,13.0,106.0,2.0,17.0,101.0,0.0,226.0
13.0,14.0,96.0,3.0,18.0,86.0,4.0,207.0
13.0,15.0,162.0,1.0,23.0,153.0,3.0,342.0
13.0,16.0,79.0,1.0,8.0,66.0,2.0,156.0
13.0,17.0,104.0,7.0,32.0,78.0,0.0,221.0
13.0,18.0,100.0,3.0,23.0,71.0,1.0,198.0
13.0,19.0,102.0,9.0,3.0,111.0,0.0,225.0
13.0,20.0,82.0,4.0,28.0,49.0,1.0,164.0
13.0,21.0,168.0,7.0,64.0,74.0,4.0,317.0
13.0,22.0,145.0,5.0,40.0,70.0,2.0,262.0
13.0,23.0,79.0,3.0,12.0,68.0,2.0,164.0
13.0,24.0,112.0,11.0,15.0,68.0,3.0,209.0
13.0,25.0,118.0,0.0,21.0,85.0,2.0,226.0
13.0,26.0,145.0,3.0,18.0,68.0,1.0,235.0
13.0,27.0,115.0,7.0,22.0,66.0,3.0,213.0
13.0,28.0,70.0,3.0,16.0,89.0,2.0,180.0
13.0,29.0,76.0,2.0,12.0,92.0,0.0,182.0
13.0,30.0,78.0,0.0,8.0,67.0,0.0,153.0
13.0,31.0,121.0,5.0,46.0,86.0,1.0,259.0
13.0,32.0,138.0,4.0,30.0,75.0,0.0,247.0
13.0,33.0,112.0,7.0,28.0,80.0,1.0,228.0
13.0,34.0,141.0,4.0,18.0,112.0,0.0,275.0
13.0,35.0,93.0,1.0,14.0,102.0,1.0,211.0
13.0,36.0,65.0,1.0,3.0,59.0,0.0,128.0
13.0,37.0,152.0,18.0,8.0,91.0,6.0,275.0
13.0,38.0,111.0,6.0,33.0,91.0,0.0,241.0
13.0,39.0,89.0,3.0,10.0,125.0,0.0,227.0
13.0,40.0,99.0,8.0,9.0,69.0,0.0,185.0
13.0,41.0,120.0,1.0,12.0,91.0,3.0,227.0
13.0,42.0,136.0,7.0,52.0,84.0,0.0,279.0
13.0,43.0,154.0,2.0,14.0,102.0,2.0,274.0
13.0,44.0,279.0,9.0,11.0,63.0,0.0,362.0
13.0,45.0,169.0,9.0,20.0,62.0,4.0,264.0
13.0,46.0,100.0,2.0,9.0,124.0,1.0,236.0
13.0,47.0,93.0,3.0,10.0,94.0,3.0,203.0
13.0,48.0,126.0,5.0,23.0,64.0,2.0,220.0
14.0,1.0,149.0,5.0,67.0,122.0,3.0,346.0
14.0,2.0,129.0,3.0,12.0,165.0,2.0,311.0
14.0,3.0,62.0,0.0,5.0,126.0,1.0,194.0
14.0,4.0,115.0,4.0,34.0,85.0,3.0,241.0
14.0,5.0,83.0,5.0,3.0,178.0,1.0,270.0
14.0,6.0,35.0,1.0,5.0,61.0,1.0,103.0
14.0,7.0,62.0,4.0,14.0,137.0,0.0,217.0
14.0,8.0,69.0,6.0,11.0,119.0,1.0,206.0
14.0,9.0,131.0,7.0,40.0,111.0,4.0,293.0
14.0,10.0,51.0,1.0,9.0,90.0,3.0,154.0
14.0,11.0,60.0,1.0,2.0,64.0,1.0,128.0
14.0,12.0,100.0,6.0,19.0,88.0,1.0,214.0
14.0,13.0,70.0,0.0,11.0,85.0,1.0,167.0
14.0,14.0,67.0,3.0,11.0,94.0,1.0,176.0
14.0,15.0,76.0,2.0,8.0,107.0,0.0,193.0
14.0,16.0,66.0,5.0,3.0,95.0,0.0,169.0
14.0,17.0,97.0,0.0,4.0,117.0,0.0,218.0
14.0,18.0,33.0,2.0,7.0,43.0,1.0,86.0
14.0,19.0,69.0,5.0,6.0,101.0,1.0,182.0
14.0,20.0,39.0,3.0,11.0,80.0,0.0,133.0
14.0,21.0,49.0,5.0,6.0,146.0,1.0,207.0
14.0,22.0,79.0,6.0,36.0,100.0,5.0,226.0
14.0,23.0,97.0,6.0,24.0,84.0,2.0,213.0
14.0,24.0,127.0,11.0,52.0,132.0,0.0,322.0
14.0,25.0,31.0,1.0,5.0,98.0,0.0,135.0
14.0,26.0,25.0,2.0,7.0,88.0,0.0,122.0
14.0,27.0,81.0,4.0,8.0,93.0,3.0,189.0
14.0,28.0,47.0,3.0,10.0,78.0,1.0,139.0
14.0,29.0,71.0,2.0,9.0,91.0,0.0,173.0
14.0,30.0,30.0,2.0,3.0,44.0,0.0,79.0
14.0,31.0,24.0,2.0,3.0,84.0,0.0,113.0
15.0,1.0,47.0,1.0,3.0,173.0,0.0,224.0
15.0,2.0,48.0,50.0,6.0,23.0,10.0,137.0
15.0,3.0,59.0,53.0,6.0,30.0,6.0,154.0
15.0,4.0,47.0,1.0,8.0,149.0,1.0,206.0
15.0,5.0,38.0,7.0,1.0,139.0,0.0,185.0
15.0,6.0,58.0,3.0,10.0,146.0,2.0,219.0
15.0,7.0,71.0,61.0,7.0,32.0,11.0,182.0
15.0,8.0,59.0,1.0,4.0,136.0,1.0,201.0
15.0,9.0,55.0,3.0,9.0,197.0,4.0,268.0
15.0,10.0,55.0,8.0,24.0,154.0,0.0,241.0
15.0,11.0,52.0,4.0,12.0,159.0,0.0,227.0
15.0,12.0,74.0,1.0,10.0,170.0,1.0,256.0
15.0,13.0,40.0,3.0,1.0,133.0,0.0,177.0
15.0,14.0,37.0,1.0,3.0,105.0,0.0,146.0
15.0,15.0,41.0,5.0,7.0,104.0,0.0,157.0
15.0,16.0,63.0,12.0,2.0,132.0,1.0,210.0
15.0,17.0,71.0,52.0,4.0,58.0,7.0,192.0
15.0,18.0,70.0,46.0,6.0,28.0,8.0,158.0
15.0,19.0,64.0,22.0,4.0,115.0,8.0,213.0
15.0,20.0,63.0,56.0,3.0,33.0,8.0,163.0
15.0,21.0,73.0,40.0,2.0,33.0,10.0,158.0
15.0,22.0,54.0,73.0,9.0,27.0,14.0,177.0
15.0,23.0,87.0,32.0,4.0,40.0,11.0,174.0
15.0,24.0,40.0,51.0,5.0,31.0,14.0,141.0
16.0,1.0,39.0,2.0,5.0,136.0,1.0,183.0
16.0,2.0,80.0,48.0,16.0,45.0,3.0,192.0
16.0,3.0,74.0,54.0,4.0,28.0,6.0,166.0
16.0,4.0,67.0,48.0,11.0,37.0,7.0,170.0
16.0,5.0,58.0,45.0,7.0,22.0,11.0,143.0
16.0,6.0,56.0,59.0,9.0,47.0,9.0,180.0
16.0,7.0,53.0,43.0,7.0,51.0,9.0,163.0
16.0,8.0,52.0,26.0,7.0,19.0,11.0,115.0
16.0,9.0,99.0,54.0,6.0,36.0,13.0,208.0
16.0,10.0,83.0,59.0,5.0,27.0,9.0,183.0
16.0,11.0,55.0,29.0,5.0,63.0,4.0,156.0
16.0,12.0,39.0,39.0,9.0,26.0,11.0,124.0
16.0,13.0,48.0,15.0,7.0,71.0,2.0,143.0
16.0,14.0,60.0,45.0,5.0,28.0,9.0,147.0
16.0,15.0,104.0,49.0,3.0,27.0,9.0,192.0
16.0,16.0,73.0,68.0,6.0,27.0,9.0,183.0
16.0,17.0,49.0,32.0,0.0,53.0,10.0,144.0
16.0,18.0,81.0,34.0,7.0,59.0,8.0,189.0
16.0,19.0,72.0,39.0,2.0,43.0,9.0,165.0
16.0,20.0,64.0,49.0,7.0,26.0,8.0,154.0
16.0,21.0,54.0,50.0,5.0,26.0,5.0,140.0
16.0,22.0,54.0,41.0,6.0,40.0,2.0,143.0
16.0,23.0,40.0,15.0,7.0,83.0,2.0,147.0
16.0,24.0,61.0,26.0,4.0,24.0,14.0,129.0
16.0,25.0,103.0,59.0,4.0,33.0,14.0,213.0
16.0,26.0,68.0,53.0,6.0,36.0,7.0,170.0
16.0,27.0,59.0,52.0,5.0,27.0,12.0,155.0
16.0,28.0,82.0,62.0,3.0,40.0,16.0,203.0
16.0,29.0,84.0,38.0,2.0,37.0,9.0,170.0
16.0,30.0,70.0,59.0,5.0,28.0,9.0,171.0
16.0,31.0,80.0,92.0,3.0,39.0,7.0,221.0
16.0,32.0,31.0,20.0,3.0,92.0,2.0,148.0
16.0,33.0,94.0,61.0,4.0,41.0,8.0,208.0
16.0,34.0,80.0,63.0,12.0,24.0,8.0,187.0
16.0,35.0,44.0,23.0,2.0,65.0,9.0,143.0
16.0,36.0,66.0,42.0,8.0,26.0,6.0,148.0
17.0,1.0,60.0,34.0,10.0,100.0,9.0,213.0
17.0,2.0,85.0,45.0,4.0,43.0,20.0,197.0
17.0,3.0,85.0,61.0,4.0,47.0,17.0,214.0
17.0,4.0,130.0,67.0,5.0,57.0,13.0,272.0
17.0,5.0,85.0,53.0,12.0,50.0,5.0,205.0
17.0,6.0,58.0,43.0,8.0,50.0,10.0,169.0
17.0,7.0,54.0,23.0,2.0,48.0,8.0,135.0
17.0,8.0,69.0,62.0,6.0,50.0,14.0,201.0
17.0,9.0,81.0,72.0,19.0,44.0,10.0,226.0
17.0,10.0,100.0,49.0,13.0,64.0,19.0,245.0
17.0,11.0,76.0,55.0,6.0,41.0,14.0,192.0
17.0,12.0,76.0,36.0,4.0,80.0,4.0,200.0
17.0,13.0,85.0,59.0,6.0,27.0,13.0,190.0
17.0,14.0,81.0,31.0,3.0,87.0,2.0,204.0
17.0,15.0,96.0,68.0,7.0,44.0,13.0,228.0
17.0,16.0,51.0,30.0,9.0,58.0,7.0,155.0
17.0,17.0,66.0,47.0,10.0,53.0,11.0,187.0
17.0,18.0,103.0,77.0,10.0,56.0,23.0,269.0
17.0,19.0,47.0,45.0,6.0,27.0,8.0,133.0
17.0,20.0,123.0,75.0,19.0,66.0,16.0,299.0
17.0,21.0,152.0,74.0,12.0,69.0,23.0,330.0
17.0,22.0,90.0,53.0,13.0,45.0,12.0,213.0
17.0,23.0,62.0,47.0,3.0,34.0,7.0,153.0
17.0,24.0,132.0,89.0,7.0,50.0,12.0,290.0
17.0,25.0,62.0,44.0,1.0,36.0,9.0,152.0
17.0,26.0,117.0,81.0,9.0,54.0,21.0,282.0
17.0,27.0,93.0,58.0,6.0,38.0,11.0,206.0
17.0,28.0,85.0,44.0,1.0,47.0,18.0,195.0
17.0,29.0,119.0,69.0,7.0,27.0,16.0,238.0
17.0,30.0,53.0,25.0,13.0,73.0,7.0,171.0
17.0,31.0,59.0,42.0,5.0,35.0,3.0,144.0
17.0,32.0,75.0,60.0,6.0,24.0,10.0,175.0
17.0,33.0,51.0,58.0,4.0,34.0,7.0,154.0
17.0,34.0,72.0,51.0,5.0,38.0,10.0,176.0
17.0,35.0,83.0,59.0,7.0,46.0,14.0,209.0
17.0,36.0,96.0,68.0,17.0,65.0,12.0,258.0
17.0,37.0,74.0,54.0,5.0,40.0,11.0,184.0
17.0,38.0,85.0,85.0,9.0,62.0,16.0,257.0
17.0,39.0,96.0,66.0,4.0,58.0,9.0,233.0
17.0,40.0,80.0,70.0,10.0,50.0,16.0,226.0
17.0,41.0,116.0,70.0,12.0,58.0,19.0,275.0
18.0,1.0,69.0,29.0,6.0,56.0,17.0,177.0
18.0,2.0,75.0,16.0,13.0,93.0,4.0,201.0
18.0,3.0,87.0,20.0,23.0,99.0,7.0,236.0
18.0,4.0,90.0,67.0,13.0,83.0,23.0,276.0
18.0,5.0,88.0,61.0,2.0,27.0,6.0,184.0
18.0,6.0,91.0,12.0,28.0,81.0,5.0,217.0
18.0,7.0,100.0,62.0,17.0,64.0,17.0,260.0
18.0,8.0,113.0,61.0,15.0,68.0,22.0,279.0
18.0,9.0,119.0,45.0,13.0,71.0,30.0,278.0
18.0,10.0,133.0,60.0,26.0,113.0,19.0,351.0
18.0,11.0,75.0,20.0,20.0,70.0,8.0,193.0
18.0,12.0,103.0,64.0,12.0,49.0,14.0,242.0
18.0,13.0,107.0,63.0,16.0,77.0,23.0,286.0
18.0,14.0,109.0,45.0,20.0,69.0,10.0,253.0
18.0,15.0,96.0,23.0,17.0,115.0,7.0,258.0
18.0,16.0,90.0,46.0,11.0,89.0,23.0,259.0
18.0,17.0,75.0,45.0,22.0,85.0,14.0,241.0
18.0,18.0,119.0,65.0,20.0,55.0,15.0,274.0
18.0,19.0,131.0,53.0,12.0,65.0,15.0,276.0
18.0,20.0,111.0,51.0,4.0,56.0,13.0,235.0
18.0,21.0,118.0,45.0,27.0,114.0,32.0,336.0
18.0,22.0,132.0,75.0,13.0,88.0,29.0,337.0
18.0,23.0,66.0,35.0,13.0,64.0,14.0,192.0
18.0,24.0,90.0,7.0,11.0,92.0,4.0,204.0
18.0,25.0,75.0,8.0,32.0,99.0,1.0,215.0
18.0,26.0,120.0,73.0,21.0,103.0,24.0,341.0
18.0,27.0,76.0,47.0,14.0,46.0,7.0,190.0
18.0,28.0,91.0,15.0,30.0,96.0,5.0,237.0
18.0,29.0,93.0,38.0,8.0,82.0,3.0,224.0
18.0,30.0,101.0,4.0,18.0,94.0,4.0,221.0
18.0,31.0,71.0,45.0,13.0,106.0,18.0,253.0
18.0,32.0,127.0,55.0,11.0,57.0,21.0,271.0
18.0,33.0,70.0,69.0,4.0,49.0,15.0,207.0
18.0,34.0,155.0,76.0,27.0,109.0,12.0,379.0
18.0,35.0,153.0,51.0,9.0,94.0,23.0,330.0
18.0,36.0,98.0,24.0,23.0,72.0,8.0,225.0
18.0,37.0,101.0,43.0,20.0,102.0,24.0,290.0
18.0,38.0,110.0,49.0,10.0,68.0,22.0,259.0
18.0,39.0,57.0,31.0,4.0,54.0,16.0,162.0
18.0,40.0,108.0,23.0,20.0,131.0,9.0,291.0
18.0,41.0,122.0,54.0,19.0,81.0,22.0,298.0
18.0,42.0,75.0,38.0,11.0,63.0,11.0,198.0
18.0,43.0,55.0,7.0,18.0,99.0,1.0,180.0
18.0,44.0,87.0,11.0,28.0,106.0,2.0,234.0
18.0,45.0,55.0,22.0,15.0,114.0,7.0,213.0
18.0,46.0,83.0,9.0,30.0,128.0,4.0,254.0
18.0,47.0,57.0,44.0,7.0,40.0,8.0,156.0
18.0,48.0,76.0,52.0,9.0,39.0,8.0,184.0
18.0,49.0,59.0,38.0,5.0,49.0,9.0,160.0
18.0,50.0,80.0,40.0,8.0,45.0,8.0,181.0
19.0,1.0,161.0,6.0,48.0,97.0,2.0,314.0
19.0,2.0,200.0,44.0,33.0,141.0,12.0,430.0
19.0,3.0,91.0,11.0,41.0,91.0,3.0,237.0
19.0,4.0,137.0,11.0,95.0,127.0,3.0,373.0
19.0,5.0,174.0,28.0,24.0,140.0,9.0,375.0
19.0,6.0,96.0,8.0,75.0,154.0,1.0,334.0
19.0,7.0,146.0,11.0,36.0,116.0,3.0,312.0
19.0,8.0,119.0,10.0,61.0,144.0,1.0,335.0
19.0,9.0,125.0,4.0,42.0,78.0,2.0,251.0
19.0,10.0,178.0,24.0,26.0,136.0,12.0,376.0
19.0,11.0,119.0,15.0,58.0,121.0,4.0,317.0
19.0,12.0,87.0,6.0,83.0,95.0,0.0,271.0
19.0,13.0,131.0,60.0,28.0,102.0,32.0,353.0
19.0,14.0,166.0,22.0,34.0,109.0,10.0,341.0
19.0,15.0,144.0,8.0,99.0,164.0,7.0,422.0
19.0,16.0,144.0,5.0,69.0,103.0,0.0,321.0
19.0,17.0,115.0,7.0,44.0,121.0,1.0,288.0
19.0,18.0,121.0,13.0,34.0,135.0,3.0,306.0
19.0,19.0,167.0,29.0,43.0,147.0,7.0,393.0
19.0,20.0,102.0,18.0,27.0,95.0,9.0,251.0
19.0,21.0,144.0,25.0,68.0,106.0,3.0,346.0
19.0,22.0,141.0,27.0,41.0,130.0,2.0,341.0
19.0,23.0,165.0,11.0,40.0,103.0,3.0,322.0
19.0,24.0,112.0,7.0,36.0,99.0,0.0,254.0
19.0,25.0,135.0,27.0,36.0,97.0,10.0,305.0
19.0,26.0,170.0,23.0,37.0,89.0,3.0,322.0
19.0,27.0,123.0,31.0,19.0,121.0,12.0,306.0
19.0,28.0,139.0,65.0,23.0,102.0,15.0,344.0
19.0,29.0,93.0,8.0,58.0,125.0,6.0,290.0
19.0,30.0,100.0,4.0,54.0,96.0,0.0,254.0
19.0,31.0,122.0,9.0,44.0,111.0,5.0,291.0
19.0,32.0,125.0,7.0,52.0,108.0,1.0,293.0
19.0,33.0,112.0,9.0,69.0,126.0,3.0,319.0
19.0,34.0,162.0,8.0,33.0,113.0,5.0,321.0
19.0,35.0,132.0,15.0,24.0,101.0,5.0,277.0
19.0,36.0,151.0,38.0,31.0,97.0,26.0,343.0
19.0,37.0,116.0,25.0,28.0,117.0,9.0,295.0
19.0,38.0,119.0,23.0,24.0,100.0,16.0,282.0
19.0,39.0,34.0,17.0,4.0,22.0,3.0,80.0
19.0,40.0,140.0,18.0,39.0,119.0,7.0,323.0
19.0,41.0,105.0,6.0,58.0,121.0,0.0,290.0
19.0,42.0,98.0,29.0,17.0,102.0,9.0,255.0
19.0,43.0,180.0,68.0,15.0,90.0,17.0,370.0
19.0,44.0,143.0,6.0,77.0,119.0,1.0,346.0
19.0,45.0,140.0,4.0,56.0,128.0,3.0,331.0
19.0,46.0,180.0,10.0,43.0,111.0,1.0,345.0
19.0,47.0,169.0,47.0,53.0,171.0,16.0,456.0
19.0,48.0,129.0,69.0,14.0,79.0,17.0,308.0
19.0,49.0,166.0,47.0,20.0,145.0,21.0,399.0
19.0,50.0,78.0,9.0,37.0,119.0,3.0,246.0
19.0,51.0,186.0,12.0,41.0,130.0,2.0,371.0
19.0,52.0,107.0,9.0,66.0,138.0,1.0,321.0
19.0,53.0,130.0,12.0,43.0,116.0,7.0,308.0
19.0,54.0,88.0,6.0,56.0,95.0,2.0,247.0
19.0,55.0,100.0,7.0,62.0,107.0,2.0,278.0
19.0,56.0,181.0,29.0,46.0,95.0,13.0,364.0
19.0,57.0,111.0,27.0,21.0,112.0,10.0,281.0
20.0,1.0,73.0,35.0,3.0,56.0,9.0,176.0
20.0,2.0,51.0,28.0,2.0,13.0,11.0,105.0
20.0,3.0,82.0,33.0,6.0,47.0,6.0,174.0
20.0,4.0,31.0,24.0,6.0,18.0,5.0,84.0
20.0,5.0,69.0,66.0,13.0,60.0,11.0,219.0
20.0,6.0,43.0,23.0,2.0,22.0,5.0,95.0
20.0,7.0,68.0,42.0,10.0,41.0,10.0,171.0
20.0,8.0,110.0,60.0,8.0,43.0,11.0,232.0
20.0,9.0,117.0,55.0,8.0,74.0,17.0,271.0
20.0,10.0,70.0,39.0,5.0,35.0,12.0,161.0
20.0,11.0,98.0,61.0,12.0,65.0,16.0,252.0
20.0,12.0,49.0,32.0,6.0,27.0,5.0,119.0
20.0,13.0,109.0,77.0,4.0,48.0,10.0,248.0
20.0,14.0,86.0,42.0,2.0,30.0,9.0,169.0
20.0,15.0,26.0,4.0,3.0,104.0,5.0,142.0
20.0,16.0,100.0,51.0,12.0,85.0,9.0,257.0
20.0,17.0,59.0,25.0,5.0,32.0,6.0,127.0
20.0,18.0,77.0,47.0,6.0,26.0,14.0,170.0
20.0,19.0,93.0,62.0,5.0,44.0,18.0,222.0
20.0,20.0,25.0,15.0,4.0,77.0,0.0,121.0
20.0,21.0,63.0,45.0,5.0,39.0,9.0,161.0
20.0,22.0,121.0,49.0,14.0,83.0,22.0,289.0
20.0,23.0,100.0,70.0,7.0,53.0,16.0,246.0
20.0,24.0,84.0,37.0,9.0,70.0,12.0,212.0
20.0,25.0,66.0,62.0,7.0,40.0,16.0,191.0
20.0,26.0,92.0,41.0,12.0,75.0,15.0,235.0
20.0,27.0,53.0,49.0,4.0,25.0,9.0,140.0
20.0,28.0,63.0,50.0,6.0,36.0,8.0,163.0
20.0,29.0,125.0,97.0,5.0,47.0,19.0,293.0
20.0,30.0,55.0,24.0,3.0,20.0,9.0,111.0
20.0,31.0,99.0,65.0,6.0,42.0,9.0,221.0
20.0,32.0,107.0,64.0,1.0,41.0,10.0,223.0
20.0,33.0,63.0,28.0,3.0,38.0,4.0,136.0
20.0,34.0,76.0,49.0,12.0,123.0,9.0,269.0
20.0,35.0,51.0,38.0,5.0,32.0,8.0,134.0
20.0,36.0,34.0,29.0,2.0,13.0,2.0,80.0
20.0,37.0,31.0,17.0,0.0,20.0,11.0,79.0
20.0,38.0,41.0,23.0,2.0,18.0,5.0,89.0
20.0,39.0,8.0,14.0,2.0,11.0,2.0,37.0
21.0,1.0,134.0,49.0,15.0,72.0,19.0,289.0
21.0,2.0,82.0,52.0,6.0,34.0,6.0,180.0
21.0,3.0,108.0,75.0,8.0,50.0,16.0,257.0
21.0,4.0,80.0,67.0,12.0,56.0,19.0,234.0
21.0,5.0,131.0,72.0,18.0,59.0,22.0,302.0
21.0,6.0,89.0,63.0,5.0,52.0,20.0,229.0
21.0,7.0,139.0,69.0,13.0,62.0,15.0,298.0
21.0,8.0,112.0,72.0,7.0,50.0,14.0,255.0
21.0,9.0,128.0,72.0,19.0,70.0,25.0,314.0
21.0,10.0,107.0,69.0,8.0,44.0,17.0,245.0
21.0,11.0,124.0,64.0,4.0,43.0,16.0,251.0
21.0,12.0,95.0,65.0,7.0,60.0,13.0,240.0
21.0,13.0,83.0,48.0,10.0,46.0,15.0,202.0
21.0,14.0,133.0,85.0,15.0,67.0,18.0,318.0
21.0,15.0,88.0,41.0,11.0,48.0,16.0,204.0
21.0,16.0,100.0,59.0,10.0,52.0,13.0,234.0
21.0,17.0,83.0,46.0,19.0,54.0,14.0,216.0
21.0,18.0,120.0,61.0,14.0,51.0,25.0,271.0
21.0,19.0,113.0,67.0,9.0,59.0,19.0,267.0
21.0,20.0,107.0,44.0,11.0,59.0,19.0,240.0
21.0,21.0,81.0,66.0,6.0,49.0,10.0,212.0
21.0,22.0,106.0,64.0,8.0,54.0,21.0,253.0
21.0,23.0,83.0,76.0,10.0,66.0,13.0,248.0
21.0,24.0,117.0,65.0,7.0,53.0,10.0,252.0
21.0,25.0,94.0,61.0,10.0,67.0,22.0,254.0
21.0,26.0,98.0,53.0,13.0,48.0,10.0,222.0
21.0,27.0,108.0,55.0,13.0,73.0,15.0,264.0
21.0,28.0,124.0,91.0,7.0,61.0,23.0,306.0
21.0,29.0,97.0,61.0,12.0,72.0,22.0,264.0
21.0,30.0,89.0,42.0,7.0,36.0,12.0,186.0
21.0,31.0,89.0,45.0,9.0,36.0,15.0,194.0
21.0,32.0,84.0,66.0,13.0,52.0,22.0,237.0
21.0,33.0,108.0,65.0,10.0,41.0,12.0,236.0
21.0,34.0,96.0,54.0,9.0,49.0,27.0,235.0
21.0,35.0,128.0,57.0,8.0,63.0,17.0,273.0
21.0,36.0,127.0,61.0,10.0,60.0,19.0,277.0
21.0,37.0,100.0,56.0,9.0,39.0,21.0,225.0
21.0,38.0,86.0,44.0,9.0,48.0,11.0,198.0
21.0,39.0,89.0,39.0,3.0,37.0,18.0,186.0
21.0,40.0,94.0,40.0,10.0,46.0,17.0,207.0
21.0,41.0,115.0,61.0,9.0,63.0,25.0,273.0
21.0,42.0,119.0,60.0,13.0,74.0,23.0,289.0
21.0,43.0,109.0,59.0,11.0,56.0,18.0,253.0
21.0,44.0,107.0,50.0,12.0,63.0,17.0,249.0
21.0,45.0,103.0,67.0,7.0,59.0,16.0,252.0
21.0,46.0,115.0,54.0,11.0,73.0,19.0,272.0
21.0,47.0,87.0,60.0,8.0,42.0,18.0,215.0
21.0,48.0,109.0,66.0,12.0,51.0,11.0,249.0
21.0,49.0,110.0,66.0,16.0,71.0,13.0,276.0
21.0,50.0,99.0,45.0,6.0,55.0,16.0,221.0
21.0,51.0,125.0,79.0,6.0,51.0,20.0,281.0
21.0,52.0,121.0,60.0,6.0,53.0,20.0,260.0
21.0,53.0,66.0,43.0,5.0,58.0,16.0,188.0
21.0,54.0,84.0,60.0,3.0,37.0,18.0,202.0
22.0,1.0,74.0,37.0,3.0,29.0,9.0,152.0
22.0,2.0,91.0,7.0,30.0,138.0,2.0,268.0
22.0,3.0,35.0,0.0,6.0,223.0,1.0,265.0
22.0,4.0,22.0,0.0,3.0,148.0,1.0,174.0
22.0,5.0,33.0,1.0,5.0,177.0,0.0,216.0
22.0,6.0,33.0,4.0,3.0,203.0,0.0,243.0
22.0,7.0,21.0,1.0,3.0,121.0,1.0,147.0
22.0,8.0,116.0,8.0,20.0,123.0,3.0,270.0
22.0,9.0,17.0,1.0,3.0,160.0,1.0,182.0
22.0,10.0,38.0,6.0,5.0,242.0,1.0,292.0
22.0,11.0,22.0,2.0,3.0,157.0,1.0,185.0
22.0,12.0,78.0,13.0,11.0,124.0,3.0,229.0
22.0,13.0,30.0,2.0,6.0,176.0,0.0,214.0
22.0,14.0,43.0,14.0,4.0,118.0,3.0,182.0
22.0,15.0,25.0,0.0,6.0,128.0,0.0,159.0
22.0,16.0,23.0,1.0,2.0,158.0,0.0,184.0
22.0,17.0,22.0,2.0,4.0,188.0,0.0,216.0
22.0,18.0,30.0,1.0,1.0,148.0,1.0,181.0
22.0,19.0,26.0,29.0,2.0,31.0,2.0,90.0
22.0,20.0,33.0,1.0,2.0,146.0,0.0,182.0
22.0,21.0,99.0,48.0,4.0,108.0,12.0,271.0
22.0,22.0,27.0,2.0,2.0,150.0,2.0,183.0
22.0,23.0,130.0,92.0,2.0,66.0,22.0,312.0
22.0,24.0,26.0,1.0,2.0,232.0,0.0,261.0
22.0,25.0,23.0,2.0,4.0,188.0,3.0,220.0
23.0,1.0,159.0,6.0,67.0,106.0,4.0,342.0
23.0,2.0,119.0,4.0,43.0,102.0,1.0,269.0
23.0,3.0,172.0,10.0,61.0,73.0,1.0,317.0
23.0,4.0,164.0,5.0,57.0,115.0,0.0,341.0
23.0,5.0,72.0,5.0,15.0,103.0,0.0,195.0
23.0,6.0,120.0,4.0,22.0,123.0,0.0,269.0
23.0,7.0,52.0,0.0,15.0,102.0,1.0,170.0
23.0,8.0,130.0,13.0,36.0,126.0,2.0,307.0
23.0,9.0,61.0,4.0,6.0,110.0,0.0,181.0
23.0,10.0,90.0,4.0,24.0,120.0,5.0,243.0
23.0,11.0,53.0,2.0,14.0,150.0,0.0,219.0
23.0,12.0,138.0,11.0,67.0,111.0,5.0,332.0
23.0,13.0,45.0,5.0,6.0,105.0,0.0,161.0
23.0,14.0,126.0,11.0,50.0,82.0,1.0,270.0
23.0,15.0,58.0,11.0,9.0,86.0,1.0,165.0
23.0,16.0,148.0,3.0,63.0,87.0,1.0,302.0
23.0,17.0,26.0,12.0,5.0,84.0,0.0,127.0
23.0,18.0,97.0,2.0,56.0,92.0,2.0,249.0
23.0,19.0,39.0,9.0,7.0,119.0,1.0,175.0
23.0,20.0,37.0,2.0,7.0,83.0,0.0,129.0
23.0,21.0,151.0,10.0,74.0,99.0,0.0,334.0
23.0,22.0,132.0,5.0,39.0,95.0,2.0,273.0
23.0,23.0,128.0,8.0,48.0,89.0,2.0,275.0
23.0,24.0,57.0,10.0,7.0,105.0,0.0,179.0
23.0,25.0,70.0,5.0,25.0,104.0,0.0,204.0
23.0,26.0,115.0,6.0,21.0,126.0,2.0,270.0
23.0,27.0,155.0,4.0,68.0,94.0,1.0,322.0
23.0,28.0,129.0,9.0,57.0,108.0,1.0,304.0
23.0,29.0,115.0,3.0,36.0,89.0,1.0,244.0
23.0,30.0,64.0,5.0,17.0,148.0,0.0,234.0
23.0,31.0,41.0,5.0,12.0,121.0,1.0,180.0
23.0,32.0,68.0,6.0,16.0,141.0,1.0,232.0
23.0,33.0,33.0,7.0,11.0,139.0,0.0,190.0
23.0,34.0,53.0,4.0,9.0,119.0,3.0,188.0
23.0,35.0,90.0,2.0,45.0,83.0,3.0,223.0
23.0,36.0,175.0,2.0,62.0,85.0,1.0,325.0
23.0,37.0,142.0,9.0,56.0,96.0,2.0,305.0
23.0,38.0,124.0,7.0,51.0,82.0,1.0,265.0
23.0,39.0,59.0,1.0,11.0,118.0,3.0,192.0
24.0,1.0,74.0,69.0,6.0,42.0,7.0,198.0
24.0,2.0,60.0,71.0,2.0,42.0,15.0,190.0
24.0,3.0,71.0,45.0,14.0,46.0,10.0,186.0
24.0,4.0,64.0,61.0,6.0,20.0,8.0,159.0
24.0,5.0,39.0,35.0,13.0,36.0,7.0,130.0
24.0,6.0,69.0,68.0,7.0,45.0,15.0,204.0
24.0,7.0,25.0,6.0,5.0,60.0,1.0,97.0
24.0,8.0,49.0,38.0,11.0,37.0,6.0,141.0
24.0,9.0,72.0,46.0,7.0,48.0,7.0,180.0
24.0,10.0,26.0,28.0,4.0,27.0,8.0,93.0
24.0,11.0,72.0,62.0,12.0,52.0,9.0,207.0
24.0,12.0,54.0,39.0,9.0,20.0,2.0,124.0
24.0,13.0,51.0,38.0,5.0,25.0,6.0,125.0
24.0,14.0,61.0,67.0,6.0,38.0,9.0,181.0
24.0,15.0,48.0,35.0,5.0,29.0,7.0,124.0
24.0,16.0,51.0,16.0,4.0,115.0,3.0,189.0
24.0,17.0,48.0,56.0,5.0,29.0,12.0,150.0
24.0,18.0,82.0,81.0,10.0,40.0,18.0,231.0
24.0,19.0,82.0,70.0,6.0,53.0,8.0,219.0
24.0,20.0,71.0,65.0,6.0,32.0,7.0,181.0
24.0,21.0,31.0,39.0,9.0,28.0,7.0,114.0
24.0,22.0,104.0,83.0,10.0,38.0,15.0,250.0
24.0,23.0,69.0,44.0,13.0,44.0,7.0,177.0
24.0,24.0,85.0,84.0,11.0,45.0,13.0,238.0
24.0,25.0,60.0,68.0,10.0,36.0,13.0,187.0
24.0,26.0,124.0,80.0,22.0,53.0,19.0,298.0
24.0,27.0,85.0,57.0,19.0,37.0,7.0,205.0
24.0,28.0,52.0,53.0,4.0,35.0,16.0,160.0
24.0,29.0,65.0,39.0,4.0,38.0,12.0,158.0
24.0,30.0,40.0,35.0,1.0,30.0,4.0,110.0
24.0,31.0,85.0,50.0,5.0,55.0,11.0,206.0
24.0,32.0,50.0,35.0,4.0,25.0,7.0,121.0
24.0,33.0,47.0,30.0,3.0,20.0,4.0,104.0
24.0,34.0,50.0,85.0,4.0,28.0,10.0,177.0
24.0,35.0,79.0,67.0,12.0,33.0,16.0,207.0
24.0,36.0,94.0,68.0,14.0,61.0,11.0,248.0
24.0,37.0,32.0,31.0,2.0,34.0,6.0,105.0
24.0,38.0,51.0,58.0,12.0,53.0,6.0,180.0
24.0,39.0,103.0,58.0,7.0,76.0,8.0,252.0
24.0,40.0,63.0,69.0,6.0,31.0,11.0,180.0
24.0,41.0,63.0,51.0,6.0,27.0,11.0,158.0
25.0,1.0,72.0,2.0,10.0,151.0,1.0,236.0
25.0,2.0,53.0,6.0,9.0,181.0,1.0,250.0
25.0,3.0,105.0,3.0,37.0,56.0,3.0,204.0
25.0,4.0,70.0,37.0,24.0,50.0,7.0,188.0
25.0,5.0,60.0,2.0,17.0,161.0,1.0,241.0
25.0,6.0,57.0,6.0,6.0,30.0,2.0,101.0
25.0,7.0,46.0,3.0,7.0,204.0,1.0,261.0
25.0,8.0,46.0,5.0,11.0,203.0,1.0,266.0
25.0,9.0,51.0,3.0,9.0,213.0,1.0,277.0
25.0,10.0,122.0,2.0,22.0,30.0,1.0,177.0
25.0,11.0,61.0,4.0,7.0,208.0,3.0,283.0
25.0,12.0,56.0,2.0,4.0,187.0,0.0,249.0
25.0,13.0,52.0,0.0,1.0,224.0,0.0,277.0
25.0,14.0,127.0,6.0,8.0,33.0,5.0,179.0
25.0,15.0,87.0,2.0,6.0,165.0,1.0,261.0
25.0,16.0,108.0,2.0,25.0,37.0,1.0,173.0
25.0,17.0,84.0,18.0,13.0,184.0,2.0,301.0
25.0,18.0,203.0,17.0,10.0,59.0,2.0,291.0
25.0,19.0,58.0,3.0,6.0,207.0,0.0,274.0
25.0,20.0,71.0,53.0,38.0,22.0,5.0,189.0
25.0,21.0,143.0,9.0,43.0,60.0,2.0,257.0
25.0,22.0,47.0,1.0,3.0,201.0,2.0,254.0
25.0,23.0,61.0,3.0,10.0,224.0,1.0,299.0
25.0,24.0,38.0,1.0,10.0,212.0,2.0,263.0
25.0,25.0,126.0,6.0,32.0,91.0,1.0,256.0
25.0,26.0,51.0,6.0,6.0,204.0,1.0,268.0
25.0,27.0,85.0,2.0,36.0,53.0,1.0,177.0
25.0,28.0,47.0,2.0,5.0,216.0,3.0,273.0
25.0,29.0,104.0,42.0,39.0,49.0,9.0,243.0
25.0,30.0,50.0,2.0,3.0,184.0,2.0,241.0
25.0,31.0,124.0,2.0,21.0,33.0,1.0,181.0
25.0,32.0,68.0,6.0,9.0,155.0,1.0,239.0
26.0,1.0,56.0,3.0,6.0,98.0,1.0,164.0
26.0,2.0,46.0,25.0,7.0,92.0,2.0,172.0
26.0,3.0,62.0,4.0,12.0,90.0,0.0,168.0
26.0,4.0,62.0,16.0,0.0,58.0,4.0,140.0
26.0,5.0,46.0,7.0,3.0,88.0,3.0,147.0
26.0,6.0,58.0,6.0,10.0,89.0,0.0,163.0
26.0,7.0,30.0,4.0,4.0,82.0,1.0,121.0
26.0,8.0,21.0,1.0,4.0,56.0,0.0,82.0
26.0,9.0,55.0,5.0,9.0,90.0,2.0,161.0
26.0,10.0,34.0,9.0,8.0,97.0,2.0,150.0
26.0,11.0,56.0,8.0,5.0,101.0,1.0,171.0
26.0,12.0,57.0,12.0,6.0,88.0,1.0,164.0
26.0,13.0,51.0,2.0,2.0,53.0,1.0,109.0
26.0,14.0,20.0,0.0,5.0,81.0,0.0,106.0
26.0,15.0,28.0,7.0,1.0,41.0,4.0,81.0
26.0,16.0,35.0,5.0,4.0,51.0,2.0,97.0
26.0,17.0,62.0,7.0,24.0,61.0,2.0,156.0
26.0,18.0,55.0,7.0,5.0,82.0,1.0,150.0
26.0,19.0,32.0,14.0,5.0,48.0,1.0,100.0
26.0,20.0,72.0,12.0,6.0,80.0,1.0,171.0
26.0,21.0,59.0,23.0,12.0,107.0,8.0,209.0
26.0,22.0,43.0,2.0,3.0,57.0,2.0,107.0
26.0,23.0,41.0,4.0,3.0,59.0,1.0,108.0
26.0,24.0,65.0,2.0,10.0,83.0,1.0,161.0
26.0,25.0,45.0,8.0,11.0,93.0,1.0,158.0
26.0,26.0,21.0,5.0,5.0,56.0,3.0,90.0
26.0,27.0,76.0,12.0,13.0,79.0,3.0,183.0
26.0,28.0,102.0,4.0,19.0,91.0,2.0,218.0
26.0,29.0,27.0,3.0,2.0,51.0,4.0,87.0
26.0,30.0,40.0,5.0,5.0,77.0,4.0,131.0
26.0,31.0,41.0,6.0,2.0,45.0,2.0,96.0
26.0,32.0,62.0,9.0,25.0,63.0,3.0,162.0
26.0,33.0,58.0,12.0,8.0,84.0,2.0,164.0
26.0,34.0,70.0,9.0,10.0,99.0,2.0,190.0
26.0,35.0,63.0,10.0,8.0,104.0,1.0,186.0
26.0,36.0,44.0,6.0,12.0,86.0,0.0,148.0
26.0,37.0,45.0,2.0,6.0,95.0,0.0,148.0
26.0,38.0,43.0,13.0,2.0,42.0,1.0,101.0
26.0,39.0,51.0,1.0,10.0,100.0,5.0,167.0
26.0,40.0,32.0,4.0,3.0,31.0,2.0,72.0
26.0,41.0,71.0,23.0,11.0,100.0,3.0,208.0
26.0,42.0,39.0,3.0,9.0,86.0,1.0,138.0
26.0,43.0,38.0,1.0,2.0,51.0,0.0,92.0
26.0,44.0,32.0,9.0,3.0,47.0,3.0,94.0
26.0,45.0,27.0,9.0,0.0,26.0,0.0,62.0
26.0,46.0,37.0,3.0,12.0,45.0,1.0,98.0
26.0,47.0,30.0,7.0,5.0,77.0,1.0,120.0
26.0,48.0,40.0,4.0,8.0,97.0,0.0,149.0
26.0,49.0,27.0,5.0,0.0,64.0,2.0,98.0
27.0,1.0,94.0,5.0,12.0,35.0,1.0,147.0
27.0,2.0,138.0,41.0,24.0,54.0,2.0,259.0
27.0,3.0,40.0,37.0,7.0,25.0,6.0,115.0
27.0,4.0,36.0,23.0,19.0,32.0,2.0,112.0
27.0,5.0,68.0,37.0,8.0,37.0,7.0,157.0
27.0,6.0,94.0,24.0,12.0,29.0,6.0,165.0
27.0,7.0,86.0,8.0,17.0,116.0,0.0,227.0
27.0,8.0,72.0,47.0,8.0,32.0,6.0,165.0
27.0,9.0,55.0,9.0,4.0,20.0,4.0,92.0
27.0,10.0,132.0,62.0,27.0,37.0,7.0,265.0
27.0,11.0,93.0,7.0,5.0,37.0,2.0,144.0
27.0,12.0,83.0,4.0,6.0,22.0,1.0,116.0
27.0,13.0,169.0,60.0,11.0,75.0,13.0,328.0
27.0,14.0,31.0,34.0,21.0,13.0,5.0,104.0
27.0,15.0,60.0,48.0,1.0,20.0,3.0,132.0
27.0,16.0,90.0,6.0,13.0,47.0,1.0,157.0
27.0,17.0,76.0,38.0,32.0,51.0,9.0,206.0
27.0,18.0,74.0,42.0,27.0,26.0,7.0,176.0
27.0,19.0,63.0,45.0,7.0,26.0,1.0,142.0
27.0,20.0,67.0,34.0,8.0,25.0,7.0,141.0
27.0,21.0,118.0,6.0,9.0,26.0,2.0,161.0
27.0,22.0,51.0,39.0,1.0,29.0,6.0,126.0
27.0,23.0,88.0,56.0,5.0,21.0,4.0,174.0
27.0,24.0,46.0,32.0,4.0,51.0,9.0,142.0
27.0,25.0,57.0,42.0,28.0,46.0,2.0,175.0
27.0,26.0,87.0,44.0,14.0,49.0,10.0,204.0
27.0,27.0,88.0,45.0,18.0,31.0,9.0,191.0
27.0,28.0,58.0,18.0,5.0,30.0,3.0,114.0
27.0,29.0,41.0,40.0,5.0,56.0,8.0,150.0
27.0,30.0,40.0,23.0,34.0,17.0,4.0,118.0
27.0,31.0,58.0,59.0,6.0,31.0,8.0,162.0
27.0,32.0,61.0,30.0,29.0,29.0,10.0,159.0
27.0,33.0,80.0,7.0,14.0,55.0,5.0,161.0
27.0,34.0,114.0,60.0,3.0,29.0,2.0,208.0
27.0,35.0,110.0,2.0,12.0,45.0,3.0,172.0
27.0,36.0,63.0,30.0,11.0,32.0,4.0,140.0
27.0,37.0,175.0,38.0,11.0,37.0,5.0,266.0
27.0,38.0,212.0,37.0,22.0,49.0,23.0,343.0
27.0,39.0,59.0,38.0,25.0,37.0,10.0,169.0
27.0,40.0,104.0,27.0,11.0,82.0,4.0,228.0
27.0,41.0,109.0,68.0,19.0,29.0,9.0,234.0
27.0,42.0,81.0,20.0,8.0,32.0,2.0,143.0
27.0,43.0,58.0,33.0,24.0,39.0,4.0,158.0
27.0,44.0,74.0,47.0,3.0,36.0,11.0,171.0
27.0,45.0,109.0,4.0,24.0,60.0,2.0,199.0
27.0,46.0,106.0,2.0,5.0,22.0,0.0,135.0
27.0,47.0,109.0,37.0,3.0,38.0,14.0,201.0
27.0,48.0,133.0,39.0,9.0,52.0,9.0,242.0
27.0,49.0,49.0,39.0,23.0,20.0,7.0,138.0
27.0,50.0,71.0,42.0,33.0,24.0,8.0,178.0
28.0,1.0,47.0,57.0,5.0,18.0,6.0,133.0
28.0,2.0,55.0,50.0,4.0,42.0,4.0,155.0
28.0,3.0,48.0,44.0,11.0,31.0,5.0,139.0
28.0,4.0,64.0,6.0,24.0,42.0,1.0,137.0
28.0,5.0,64.0,29.0,15.0,25.0,3.0,136.0
28.0,6.0,50.0,22.0,32.0,25.0,4.0,133.0
28.0,7.0,67.0,55.0,7.0,32.0,4.0,165.0
28.0,8.0,50.0,1.0,13.0,27.0,0.0,91.0
28.0,9.0,77.0,55.0,13.0,25.0,9.0,179.0
28.0,10.0,92.0,12.0,41.0,52.0,1.0,198.0
28.0,11.0,84.0,28.0,36.0,102.0,6.0,256.0
28.0,12.0,77.0,50.0,8.0,35.0,14.0,184.0
28.0,13.0,82.0,81.0,2.0,19.0,14.0,198.0
28.0,14.0,81.0,65.0,7.0,30.0,9.0,192.0
28.0,15.0,44.0,26.0,0.0,8.0,6.0,84.0
28.0,16.0,52.0,28.0,7.0,14.0,2.0,103.0
28.0,17.0,49.0,66.0,4.0,26.0,4.0,149.0
28.0,18.0,75.0,41.0,18.0,26.0,4.0,164.0
28.0,19.0,45.0,10.0,27.0,78.0,0.0,160.0
28.0,20.0,68.0,65.0,7.0,31.0,7.0,178.0
28.0,21.0,60.0,54.0,7.0,16.0,15.0,152.0
28.0,22.0,54.0,41.0,11.0,33.0,12.0,151.0
28.0,23.0,77.0,68.0,9.0,36.0,9.0,199.0
28.0,24.0,56.0,45.0,2.0,27.0,9.0,139.0
28.0,25.0,70.0,62.0,11.0,66.0,21.0,230.0
28.0,26.0,75.0,64.0,6.0,26.0,11.0,182.0
28.0,27.0,79.0,7.0,22.0,62.0,2.0,172.0
28.0,28.0,104.0,4.0,42.0,48.0,6.0,204.0
28.0,29.0,26.0,31.0,9.0,11.0,2.0,79.0
28.0,30.0,14.0,12.0,5.0,6.0,1.0,38.0
28.0,31.0,106.0,81.0,19.0,44.0,14.0,264.0
28.0,32.0,75.0,51.0,7.0,25.0,10.0,168.0
28.0,33.0,77.0,68.0,4.0,42.0,11.0,202.0
28.0,34.0,97.0,71.0,11.0,61.0,12.0,252.0
28.0,35.0,54.0,82.0,23.0,34.0,8.0,201.0
28.0,36.0,56.0,23.0,5.0,33.0,9.0,126.0
28.0,37.0,90.0,70.0,14.0,46.0,4.0,224.0
28.0,38.0,49.0,27.0,2.0,25.0,4.0,107.0
28.0,39.0,49.0,49.0,3.0,18.0,3.0,122.0
28.0,40.0,99.0,54.0,6.0,37.0,10.0,206.0
28.0,41.0,56.0,37.0,3.0,38.0,5.0,139.0
28.0,42.0,56.0,70.0,5.0,35.0,13.0,179.0
28.0,43.0,80.0,75.0,10.0,27.0,14.0,206.0
28.0,44.0,54.0,48.0,7.0,23.0,3.0,135.0
28.0,45.0,59.0,7.0,11.0,38.0,2.0,117.0
28.0,46.0,89.0,16.0,51.0,114.0,6.0,276.0
29.0,1.0,142.0,22.0,36.0,138.0,4.0,342.0
29.0,2.0,160.0,94.0,14.0,69.0,29.0,366.0
29.0,3.0,121.0,79.0,8.0,45.0,13.0,266.0
29.0,4.0,112.0,78.0,10.0,52.0,19.0,271.0
29.0,5.0,84.0,66.0,4.0,47.0,16.0,217.0
29.0,6.0,73.0,50.0,4.0,46.0,5.0,178.0
29.0,7.0,109.0,39.0,20.0,72.0,8.0,248.0
29.0,8.0,50.0,48.0,7.0,22.0,8.0,135.0
29.0,9.0,140.0,26.0,35.0,132.0,12.0,345.0
29.0,10.0,166.0,42.0,37.0,125.0,9.0,379.0
29.0,11.0,66.0,34.0,7.0,26.0,5.0,138.0
29.0,12.0,120.0,64.0,14.0,69.0,16.0,283.0
29.0,13.0,107.0,76.0,9.0,43.0,6.0,241.0
29.0,14.0,93.0,88.0,15.0,44.0,22.0,262.0
29.0,15.0,120.0,63.0,16.0,58.0,32.0,289.0
29.0,16.0,109.0,73.0,12.0,71.0,10.0,275.0
29.0,17.0,94.0,53.0,9.0,34.0,10.0,200.0
29.0,18.0,106.0,55.0,4.0,47.0,11.0,223.0
29.0,19.0,105.0,69.0,14.0,48.0,13.0,249.0
29.0,20.0,143.0,96.0,19.0,45.0,18.0,321.0
29.0,21.0,110.0,67.0,12.0,40.0,10.0,239.0
29.0,22.0,62.0,37.0,17.0,59.0,9.0,184.0
29.0,23.0,106.0,21.0,28.0,98.0,4.0,257.0
29.0,24.0,90.0,52.0,10.0,34.0,17.0,203.0
29.0,25.0,126.0,77.0,19.0,48.0,9.0,279.0
29.0,26.0,109.0,57.0,13.0,67.0,19.0,265.0
29.0,27.0,92.0,63.0,12.0,51.0,18.0,236.0
29.0,28.0,118.0,105.0,9.0,61.0,10.0,303.0
29.0,29.0,109.0,6.0,24.0,84.0,0.0,223.0
29.0,30.0,159.0,40.0,19.0,112.0,5.0,335.0
29.0,31.0,106.0,4.0,38.0,67.0,3.0,218.0
29.0,32.0,85.0,3.0,32.0,84.0,4.0,208.0
29.0,33.0,107.0,65.0,7.0,44.0,9.0,232.0
29.0,34.0,66.0,27.0,15.0,48.0,6.0,162.0
29.0,35.0,70.0,50.0,10.0,37.0,9.0,176.0
29.0,36.0,103.0,62.0,11.0,38.0,14.0,228.0
29.0,37.0,78.0,79.0,8.0,43.0,17.0,225.0
29.0,38.0,75.0,7.0,32.0,75.0,6.0,195.0
29.0,39.0,76.0,7.0,26.0,77.0,5.0,191.0
29.0,40.0,119.0,89.0,16.0,54.0,13.0,291.0
29.0,41.0,92.0,65.0,21.0,46.0,11.0,235.0
29.0,42.0,97.0,89.0,10.0,42.0,10.0,248.0
29.0,43.0,125.0,37.0,28.0,116.0,11.0,317.0
29.0,44.0,109.0,96.0,5.0,61.0,20.0,291.0
30.0,1.0,71.0,4.0,24.0,88.0,3.0,190.0
30.0,2.0,105.0,4.0,12.0,93.0,0.0,214.0
30.0,3.0,59.0,2.0,11.0,78.0,1.0,151.0
30.0,4.0,76.0,4.0,29.0,69.0,2.0,180.0
30.0,5.0,42.0,5.0,10.0,61.0,2.0,120.0
30.0,6.0,87.0,7.0,6.0,56.0,1.0,157.0
30.0,7.0,73.0,5.0,7.0,106.0,2.0,193.0
30.0,8.0,78.0,5.0,13.0,99.0,0.0,195.0
30.0,9.0,60.0,10.0,16.0,63.0,5.0,154.0
30.0,10.0,88.0,4.0,15.0,82.0,2.0,191.0
30.0,11.0,45.0,7.0,5.0,83.0,2.0,142.0
30.0,12.0,61.0,5.0,15.0,69.0,2.0,152.0
30.0,13.0,71.0,2.0,12.0,67.0,0.0,152.0
30.0,14.0,46.0,7.0,3.0,50.0,1.0,107.0
30.0,15.0,108.0,8.0,24.0,84.0,1.0,225.0
30.0,16.0,30.0,7.0,7.0,41.0,0.0,85.0
30.0,17.0,80.0,5.0,29.0,81.0,2.0,197.0
30.0,18.0,44.0,5.0,12.0,111.0,0.0,172.0
30.0,19.0,38.0,0.0,8.0,99.0,1.0,146.0
30.0,20.0,71.0,5.0,9.0,120.0,0.0,205.0
30.0,21.0,68.0,6.0,16.0,85.0,2.0,177.0
30.0,22.0,57.0,5.0,15.0,108.0,3.0,188.0
30.0,23.0,54.0,9.0,9.0,76.0,1.0,149.0
30.0,24.0,52.0,8.0,9.0,97.0,2.0,168.0
30.0,25.0,78.0,4.0,12.0,100.0,5.0,199.0
30.0,26.0,51.0,3.0,9.0,44.0,0.0,107.0
30.0,27.0,50.0,2.0,14.0,44.0,2.0,112.0
30.0,28.0,92.0,2.0,9.0,98.0,2.0,203.0
30.0,29.0,32.0,1.0,3.0,52.0,0.0,88.0
30.0,30.0,25.0,0.0,4.0,32.0,0.0,61.0
30.0,31.0,54.0,4.0,8.0,67.0,3.0,136.0
30.0,32.0,52.0,2.0,15.0,63.0,2.0,134.0
31.0,1.0,52.0,3.0,5.0,86.0,1.0,147.0
31.0,2.0,58.0,2.0,6.0,67.0,0.0,133.0
31.0,3.0,71.0,1.0,10.0,63.0,1.0,146.0
31.0,4.0,56.0,2.0,1.0,106.0,4.0,169.0
31.0,5.0,69.0,5.0,4.0,81.0,0.0,159.0
31.0,6.0,73.0,3.0,7.0,66.0,1.0,150.0
31.0,7.0,45.0,1.0,3.0,86.0,2.0,137.0
31.0,8.0,49.0,4.0,6.0,41.0,0.0,100.0
31.0,9.0,68.0,3.0,7.0,54.0,2.0,134.0
31.0,10.0,58.0,3.0,8.0,53.0,1.0,123.0
31.0,11.0,50.0,4.0,4.0,52.0,0.0,110.0
31.0,12.0,61.0,2.0,6.0,57.0,0.0,126.0
31.0,13.0,47.0,3.0,6.0,83.0,2.0,141.0
31.0,14.0,63.0,7.0,11.0,45.0,1.0,127.0
31.0,15.0,43.0,6.0,11.0,64.0,0.0,124.0
31.0,16.0,38.0,2.0,8.0,144.0,3.0,195.0
31.0,17.0,64.0,6.0,17.0,74.0,1.0,162.0
31.0,18.0,69.0,4.0,4.0,77.0,2.0,156.0
31.0,19.0,58.0,3.0,8.0,60.0,0.0,129.0
31.0,20.0,64.0,6.0,5.0,55.0,3.0,133.0
31.0,21.0,57.0,2.0,8.0,68.0,3.0,138.0
31.0,22.0,34.0,1.0,3.0,87.0,0.0,125.0
31.0,23.0,51.0,5.0,6.0,70.0,1.0,133.0
31.0,24.0,80.0,4.0,8.0,95.0,1.0,188.0
31.0,25.0,45.0,3.0,8.0,59.0,2.0,117.0
31.0,26.0,79.0,4.0,4.0,83.0,3.0,173.0
31.0,27.0,68.0,2.0,4.0,89.0,2.0,165.0
31.0,28.0,50.0,3.0,6.0,56.0,1.0,116.0
31.0,29.0,98.0,9.0,6.0,76.0,3.0,192.0
31.0,30.0,43.0,1.0,0.0,46.0,3.0,93.0
31.0,31.0,52.0,5.0,13.0,78.0,0.0,148.0
31.0,32.0,44.0,2.0,8.0,70.0,0.0,124.0
31.0,33.0,46.0,2.0,12.0,72.0,0.0,132.0
31.0,34.0,56.0,10.0,11.0,57.0,0.0,134.0
31.0,35.0,69.0,2.0,10.0,90.0,1.0,172.0
31.0,36.0,73.0,2.0,17.0,81.0,1.0,174.0
31.0,37.0,63.0,3.0,6.0,62.0,2.0,136.0
31.0,38.0,55.0,3.0,2.0,67.0,0.0,127.0
31.0,39.0,32.0,3.0,6.0,100.0,1.0,142.0
31.0,40.0,48.0,3.0,12.0,79.0,4.0,146.0
31.0,41.0,50.0,1.0,0.0,72.0,1.0,124.0
32.0,1.0,96.0,4.0,15.0,64.0,2.0,181.0
32.0,2.0,91.0,3.0,18.0,53.0,2.0,167.0
32.0,3.0,91.0,6.0,22.0,160.0,2.0,281.0
32.0,4.0,112.0,5.0,31.0,62.0,1.0,211.0
32.0,5.0,106.0,0.0,31.0,71.0,2.0,210.0
32.0,6.0,92.0,5.0,12.0,49.0,0.0,158.0
32.0,7.0,106.0,7.0,17.0,62.0,3.0,195.0
32.0,8.0,108.0,2.0,11.0,39.0,1.0,161.0
32.0,9.0,110.0,3.0,17.0,81.0,1.0,212.0
32.0,10.0,110.0,8.0,13.0,59.0,0.0,190.0
32.0,11.0,71.0,6.0,10.0,151.0,1.0,239.0
32.0,12.0,63.0,6.0,13.0,128.0,3.0,213.0
32.0,13.0,113.0,4.0,16.0,37.0,1.0,171.0
32.0,14.0,62.0,2.0,21.0,118.0,1.0,204.0
32.0,15.0,96.0,9.0,17.0,74.0,0.0,196.0
32.0,16.0,85.0,3.0,21.0,104.0,3.0,216.0
32.0,17.0,75.0,6.0,22.0,138.0,2.0,243.0
32.0,18.0,112.0,1.0,11.0,40.0,0.0,164.0
32.0,19.0,65.0,4.0,16.0,78.0,2.0,165.0
32.0,20.0,60.0,10.0,13.0,178.0,4.0,265.0
32.0,21.0,120.0,2.0,20.0,97.0,5.0,244.0
32.0,22.0,85.0,8.0,20.0,164.0,4.0,281.0
32.0,23.0,106.0,2.0,30.0,68.0,0.0,206.0
32.0,24.0,61.0,3.0,10.0,24.0,0.0,98.0
32.0,25.0,92.0,2.0,16.0,74.0,1.0,185.0
32.0,26.0,84.0,0.0,26.0,137.0,1.0,248.0
32.0,27.0,121.0,6.0,5.0,58.0,1.0,191.0
32.0,28.0,74.0,7.0,14.0,137.0,3.0,235.0
32.0,29.0,106.0,5.0,14.0,111.0,0.0,236.0
32.0,30.0,106.0,5.0,6.0,33.0,0.0,150.0
32.0,31.0,110.0,4.0,16.0,59.0,1.0,190.0
32.0,32.0,102.0,3.0,21.0,71.0,0.0,197.0
32.0,33.0,114.0,5.0,20.0,54.0,2.0,195.0
32.0,34.0,72.0,8.0,20.0,82.0,0.0,182.0
32.0,35.0,95.0,0.0,13.0,64.0,1.0,173.0
32.0,36.0,101.0,6.0,19.0,53.0,1.0,180.0
32.0,37.0,56.0,5.0,18.0,70.0,3.0,152.0
32.0,38.0,84.0,1.0,12.0,66.0,1.0,164.0
32.0,39.0,112.0,5.0,8.0,42.0,1.0,168.0
32.0,40.0,124.0,1.0,15.0,70.0,1.0,211.0
32.0,41.0,111.0,10.0,6.0,64.0,2.0,193.0
32.0,42.0,90.0,4.0,16.0,67.0,2.0,179.0
32.0,43.0,75.0,1.0,12.0,119.0,3.0,210.0
33.0,1.0,86.0,11.0,18.0,152.0,2.0,269.0
33.0,2.0,130.0,16.0,15.0,166.0,8.0,335.0
33.0,3.0,94.0,10.0,17.0,184.0,2.0,307.0
33.0,4.0,104.0,4.0,18.0,154.0,1.0,281.0
33.0,5.0,99.0,3.0,21.0,88.0,1.0,212.0
33.0,6.0,99.0,4.0,16.0,116.0,3.0,238.0
33.0,7.0,129.0,13.0,21.0,132.0,7.0,302.0
33.0,8.0,206.0,12.0,36.0,201.0,4.0,459.0
33.0,9.0,137.0,6.0,15.0,131.0,3.0,292.0
33.0,10.0,167.0,18.0,18.0,106.0,5.0,314.0
33.0,11.0,101.0,5.0,17.0,150.0,2.0,275.0
33.0,12.0,117.0,2.0,16.0,139.0,4.0,278.0
33.0,13.0,74.0,4.0,19.0,140.0,7.0,244.0
33.0,14.0,35.0,3.0,8.0,67.0,0.0,113.0
33.0,15.0,121.0,11.0,25.0,168.0,1.0,326.0
33.0,16.0,181.0,19.0,22.0,181.0,5.0,408.0
33.0,17.0,123.0,11.0,21.0,157.0,5.0,317.0
33.0,18.0,93.0,8.0,17.0,184.0,5.0,307.0
33.0,19.0,92.0,10.0,16.0,115.0,7.0,240.0
33.0,20.0,123.0,13.0,25.0,152.0,2.0,315.0
33.0,21.0,116.0,8.0,15.0,142.0,4.0,285.0
33.0,22.0,180.0,6.0,14.0,151.0,1.0,352.0
33.0,23.0,115.0,14.0,21.0,153.0,8.0,311.0
33.0,24.0,220.0,15.0,43.0,204.0,3.0,485.0
33.0,25.0,130.0,19.0,17.0,159.0,7.0,332.0
33.0,26.0,53.0,4.0,12.0,121.0,3.0,193.0
33.0,27.0,82.0,10.0,12.0,112.0,2.0,218.0
33.0,28.0,69.0,10.0,12.0,110.0,3.0,204.0
34.0,1.0,141.0,53.0,10.0,81.0,15.0,300.0
34.0,2.0,114.0,60.0,2.0,51.0,16.0,243.0
34.0,3.0,130.0,48.0,9.0,53.0,15.0,255.0
34.0,4.0,87.0,47.0,3.0,52.0,11.0,200.0
34.0,5.0,107.0,38.0,12.0,58.0,12.0,227.0
34.0,6.0,135.0,80.0,12.0,54.0,24.0,305.0
34.0,7.0,153.0,61.0,7.0,55.0,19.0,295.0
34.0,8.0,66.0,51.0,9.0,43.0,13.0,182.0
34.0,9.0,83.0,70.0,7.0,32.0,4.0,196.0
34.0,10.0,120.0,65.0,8.0,56.0,6.0,255.0
34.0,11.0,90.0,50.0,5.0,37.0,16.0,198.0
34.0,12.0,127.0,57.0,7.0,74.0,18.0,283.0
34.0,13.0,99.0,90.0,8.0,54.0,17.0,268.0
34.0,14.0,77.0,56.0,11.0,25.0,15.0,184.0
34.0,15.0,77.0,47.0,6.0,29.0,13.0,172.0
34.0,16.0,77.0,63.0,6.0,40.0,7.0,193.0
34.0,17.0,142.0,62.0,9.0,66.0,17.0,296.0
34.0,18.0,86.0,55.0,4.0,35.0,10.0,190.0
34.0,19.0,100.0,62.0,8.0,41.0,18.0,229.0
34.0,20.0,166.0,69.0,10.0,64.0,13.0,322.0
34.0,21.0,155.0,80.0,17.0,74.0,15.0,341.0
34.0,22.0,132.0,50.0,5.0,54.0,20.0,261.0
34.0,23.0,101.0,57.0,5.0,43.0,6.0,212.0
34.0,24.0,91.0,50.0,6.0,50.0,13.0,210.0
34.0,25.0,131.0,78.0,4.0,61.0,18.0,292.0
34.0,26.0,130.0,71.0,9.0,52.0,13.0,275.0
34.0,27.0,85.0,68.0,6.0,36.0,18.0,213.0
34.0,28.0,79.0,48.0,7.0,17.0,6.0,157.0
34.0,29.0,74.0,65.0,4.0,39.0,17.0,199.0
34.0,30.0,125.0,66.0,11.0,58.0,20.0,280.0
34.0,31.0,85.0,55.0,4.0,22.0,11.0,177.0
34.0,32.0,118.0,62.0,6.0,35.0,11.0,232.0
34.0,33.0,89.0,68.0,8.0,29.0,9.0,203.0
34.0,34.0,120.0,57.0,7.0,64.0,22.0,270.0
34.0,35.0,108.0,64.0,8.0,55.0,20.0,255.0
34.0,36.0,92.0,75.0,11.0,67.0,10.0,255.0
34.0,37.0,66.0,46.0,3.0,30.0,8.0,153.0
34.0,38.0,69.0,48.0,6.0,20.0,2.0,145.0
34.0,39.0,78.0,50.0,7.0,31.0,21.0,187.0
34.0,40.0,113.0,68.0,10.0,58.0,12.0,261.0
34.0,41.0,84.0,42.0,10.0,28.0,14.0,178.0
34.0,42.0,121.0,59.0,6.0,67.0,18.0,271.0
34.0,43.0,116.0,51.0,12.0,52.0,17.0,248.0
34.0,44.0,131.0,62.0,7.0,46.0,12.0,258.0
34.0,45.0,154.0,39.0,8.0,48.0,18.0,267.0
34.0,46.0,87.0,36.0,9.0,39.0,5.0,176.0
34.0,47.0,112.0,59.0,1.0,35.0,14.0,221.0
34.0,48.0,119.0,76.0,5.0,76.0,23.0,299.0
34.0,49.0,120.0,72.0,17.0,81.0,22.0,312.0
34.0,50.0,82.0,71.0,8.0,34.0,12.0,207.0
34.0,51.0,138.0,59.0,13.0,79.0,13.0,302.0
34.0,52.0,107.0,32.0,9.0,58.0,10.0,216.0
34.0,53.0,63.0,37.0,3.0,21.0,4.0,128.0
35.0,1.0,76.0,4.0,15.0,145.0,0.0,240.0
35.0,2.0,88.0,2.0,16.0,180.0,3.0,289.0
35.0,3.0,47.0,9.0,8.0,120.0,4.0,188.0
35.0,4.0,101.0,4.0,15.0,132.0,1.0,253.0
35.0,5.0,56.0,13.0,10.0,104.0,2.0,185.0
35.0,6.0,63.0,6.0,11.0,102.0,2.0,184.0
35.0,7.0,48.0,7.0,11.0,147.0,1.0,214.0
35.0,8.0,40.0,7.0,7.0,124.0,1.0,179.0
35.0,9.0,85.0,16.0,11.0,131.0,3.0,246.0
35.0,10.0,71.0,5.0,17.0,180.0,2.0,275.0
35.0,11.0,79.0,8.0,14.0,132.0,2.0,235.0
35.0,12.0,24.0,3.0,3.0,100.0,1.0,131.0
35.0,13.0,50.0,6.0,2.0,82.0,1.0,141.0
35.0,14.0,50.0,4.0,5.0,106.0,1.0,166.0
35.0,15.0,59.0,3.0,15.0,174.0,2.0,253.0
35.0,16.0,34.0,6.0,2.0,84.0,2.0,128.0
35.0,17.0,83.0,11.0,4.0,104.0,3.0,205.0
35.0,18.0,79.0,0.0,2.0,115.0,2.0,198.0
35.0,19.0,36.0,3.0,6.0,91.0,1.0,137.0
35.0,20.0,57.0,5.0,8.0,75.0,1.0,146.0
35.0,21.0,67.0,5.0,9.0,103.0,0.0,184.0
35.0,22.0,99.0,2.0,16.0,105.0,0.0,222.0
35.0,23.0,86.0,6.0,16.0,111.0,3.0,222.0
35.0,24.0,67.0,4.0,14.0,96.0,1.0,182.0
35.0,25.0,79.0,5.0,11.0,121.0,1.0,217.0
35.0,26.0,70.0,6.0,19.0,86.0,2.0,183.0
35.0,27.0,73.0,8.0,11.0,99.0,2.0,193.0
35.0,28.0,71.0,3.0,8.0,116.0,4.0,202.0
35.0,29.0,69.0,9.0,8.0,82.0,0.0,168.0
35.0,30.0,87.0,9.0,13.0,83.0,6.0,198.0
35.0,31.0,87.0,6.0,23.0,117.0,3.0,236.0
36.0,1.0,87.0,6.0,20.0,103.0,4.0,220.0
36.0,2.0,56.0,8.0,8.0,101.0,4.0,177.0
36.0,3.0,82.0,14.0,19.0,88.0,2.0,205.0
36.0,4.0,71.0,16.0,7.0,107.0,0.0,201.0
36.0,5.0,85.0,26.0,12.0,82.0,1.0,206.0
36.0,6.0,62.0,14.0,3.0,89.0,0.0,168.0
36.0,7.0,157.0,12.0,58.0,96.0,2.0,325.0
36.0,8.0,39.0,10.0,10.0,86.0,0.0,145.0
36.0,9.0,42.0,8.0,7.0,93.0,2.0,152.0
36.0,10.0,76.0,14.0,14.0,104.0,4.0,212.0
36.0,11.0,54.0,1.0,8.0,68.0,0.0,131.0
36.0,12.0,45.0,4.0,5.0,72.0,0.0,126.0
36.0,13.0,35.0,6.0,3.0,86.0,0.0,130.0
36.0,14.0,94.0,7.0,34.0,103.0,1.0,239.0
36.0,15.0,105.0,9.0,42.0,109.0,1.0,266.0
36.0,16.0,104.0,13.0,25.0,91.0,2.0,235.0
36.0,17.0,117.0,6.0,23.0,107.0,0.0,253.0
36.0,18.0,116.0,7.0,21.0,87.0,5.0,236.0
36.0,19.0,67.0,11.0,25.0,113.0,4.0,220.0
36.0,20.0,89.0,6.0,31.0,103.0,3.0,232.0
36.0,21.0,60.0,7.0,10.0,76.0,3.0,156.0
36.0,22.0,28.0,3.0,10.0,76.0,1.0,118.0
36.0,23.0,63.0,14.0,6.0,77.0,0.0,160.0
36.0,24.0,86.0,3.0,39.0,87.0,1.0,216.0
36.0,25.0,45.0,7.0,5.0,100.0,0.0,157.0
36.0,26.0,86.0,14.0,35.0,57.0,4.0,196.0
36.0,27.0,91.0,7.0,25.0,64.0,5.0,192.0
36.0,28.0,80.0,9.0,33.0,96.0,1.0,219.0
36.0,29.0,126.0,12.0,45.0,90.0,1.0,274.0
36.0,30.0,103.0,3.0,24.0,98.0,1.0,229.0
37.0,1.0,96.0,49.0,4.0,30.0,8.0,187.0
37.0,2.0,44.0,34.0,4.0,39.0,5.0,126.0
37.0,3.0,59.0,46.0,5.0,27.0,10.0,147.0
37.0,4.0,68.0,53.0,13.0,47.0,6.0,187.0
37.0,5.0,112.0,68.0,7.0,51.0,12.0,250.0
37.0,6.0,91.0,67.0,10.0,47.0,22.0,237.0
37.0,7.0,60.0,34.0,12.0,42.0,12.0,160.0
37.0,8.0,60.0,33.0,6.0,30.0,0.0,129.0
37.0,9.0,85.0,66.0,12.0,34.0,10.0,207.0
37.0,10.0,98.0,52.0,9.0,73.0,14.0,246.0
37.0,11.0,63.0,41.0,10.0,30.0,9.0,153.0
37.0,12.0,60.0,32.0,6.0,50.0,8.0,156.0
37.0,13.0,66.0,43.0,2.0,35.0,9.0,155.0
37.0,14.0,89.0,76.0,9.0,40.0,2.0,216.0
37.0,15.0,122.0,56.0,12.0,40.0,10.0,240.0
37.0,16.0,109.0,70.0,13.0,44.0,11.0,247.0
37.0,17.0,70.0,61.0,6.0,23.0,6.0,166.0
37.0,18.0,92.0,61.0,11.0,44.0,10.0,218.0
37.0,19.0,42.0,50.0,11.0,26.0,9.0,138.0
37.0,20.0,50.0,59.0,4.0,31.0,7.0,151.0
37.0,21.0,76.0,49.0,12.0,48.0,6.0,191.0
37.0,22.0,81.0,38.0,10.0,66.0,4.0,199.0
37.0,23.0,92.0,80.0,11.0,46.0,14.0,243.0
37.0,24.0,85.0,61.0,5.0,35.0,13.0,199.0
37.0,25.0,97.0,67.0,9.0,37.0,8.0,218.0
37.0,26.0,131.0,70.0,11.0,54.0,10.0,276.0
37.0,27.0,65.0,76.0,13.0,40.0,10.0,204.0
37.0,28.0,64.0,44.0,4.0,56.0,10.0,178.0
37.0,29.0,85.0,65.0,10.0,55.0,19.0,234.0
37.0,30.0,75.0,61.0,13.0,36.0,9.0,194.0
37.0,31.0,109.0,65.0,16.0,46.0,10.0,246.0
37.0,32.0,77.0,54.0,7.0,52.0,21.0,211.0
37.0,33.0,117.0,56.0,10.0,39.0,10.0,232.0
37.0,34.0,93.0,60.0,7.0,30.0,12.0,202.0
37.0,35.0,106.0,71.0,12.0,44.0,10.0,243.0
37.0,36.0,90.0,51.0,5.0,33.0,7.0,186.0
37.0,37.0,81.0,73.0,11.0,32.0,10.0,207.0
37.0,38.0,90.0,68.0,17.0,59.0,15.0,249.0
37.0,39.0,74.0,50.0,9.0,52.0,10.0,195.0
37.0,40.0,93.0,76.0,5.0,50.0,15.0,239.0
37.0,41.0,104.0,66.0,6.0,44.0,4.0,224.0
38.0,1.0,117.0,4.0,21.0,85.0,4.0,231.0
38.0,2.0,181.0,12.0,94.0,111.0,1.0,399.0
38.0,3.0,121.0,5.0,29.0,83.0,3.0,241.0
38.0,4.0,149.0,7.0,52.0,84.0,2.0,294.0
38.0,5.0,134.0,6.0,48.0,101.0,1.0,290.0
38.0,6.0,108.0,5.0,43.0,102.0,2.0,260.0
38.0,7.0,135.0,10.0,74.0,93.0,1.0,313.0
38.0,8.0,116.0,5.0,34.0,96.0,3.0,254.0
38.0,9.0,172.0,6.0,56.0,97.0,2.0,333.0
38.0,10.0,99.0,6.0,35.0,68.0,5.0,213.0
38.0,11.0,106.0,4.0,24.0,88.0,1.0,223.0
38.0,12.0,165.0,10.0,63.0,78.0,2.0,318.0
38.0,13.0,127.0,10.0,54.0,123.0,4.0,318.0
38.0,14.0,116.0,6.0,41.0,96.0,5.0,264.0
38.0,15.0,112.0,5.0,26.0,88.0,1.0,232.0
38.0,16.0,131.0,6.0,49.0,89.0,0.0,275.0
38.0,17.0,142.0,12.0,71.0,107.0,1.0,333.0
38.0,18.0,135.0,9.0,36.0,89.0,6.0,275.0
38.0,19.0,161.0,7.0,38.0,59.0,2.0,267.0
38.0,20.0,125.0,7.0,53.0,85.0,2.0,272.0
38.0,21.0,89.0,8.0,27.0,97.0,0.0,221.0
38.0,22.0,124.0,5.0,33.0,82.0,3.0,247.0
38.0,23.0,157.0,14.0,42.0,74.0,4.0,291.0
38.0,24.0,183.0,11.0,52.0,111.0,1.0,358.0
38.0,25.0,94.0,9.0,33.0,67.0,1.0,204.0
38.0,26.0,152.0,5.0,29.0,73.0,4.0,263.0
38.0,27.0,147.0,6.0,45.0,87.0,3.0,288.0
38.0,28.0,168.0,5.0,68.0,104.0,2.0,347.0
38.0,29.0,132.0,7.0,41.0,65.0,2.0,247.0
38.0,30.0,121.0,7.0,67.0,91.0,1.0,287.0
38.0,31.0,127.0,6.0,36.0,110.0,1.0,280.0
38.0,32.0,112.0,11.0,27.0,71.0,2.0,223.0
38.0,33.0,99.0,12.0,25.0,87.0,2.0,225.0
38.0,34.0,99.0,10.0,20.0,93.0,3.0,225.0
38.0,35.0,99.0,5.0,34.0,114.0,2.0,254.0
38.0,36.0,117.0,6.0,19.0,77.0,1.0,220.0
38.0,37.0,115.0,6.0,31.0,125.0,1.0,278.0
38.0,38.0,128.0,11.0,35.0,69.0,9.0,252.0
38.0,39.0,145.0,12.0,27.0,108.0,1.0,293.0
38.0,40.0,143.0,8.0,31.0,78.0,0.0,260.0
38.0,41.0,145.0,3.0,20.0,89.0,4.0,261.0
39.0,1.0,137.0,5.0,38.0,100.0,2.0,282.0
39.0,2.0,242.0,10.0,16.0,71.0,7.0,346.0
39.0,3.0,124.0,14.0,21.0,83.0,1.0,243.0
39.0,4.0,135.0,3.0,42.0,94.0,5.0,279.0
39.0,5.0,138.0,3.0,26.0,115.0,2.0,284.0
39.0,6.0,107.0,3.0,37.0,100.0,1.0,248.0
39.0,7.0,111.0,5.0,23.0,102.0,1.0,242.0
39.0,8.0,104.0,9.0,25.0,155.0,4.0,297.0
39.0,9.0,145.0,4.0,23.0,79.0,3.0,254.0
39.0,10.0,67.0,4.0,8.0,51.0,1.0,131.0
39.0,11.0,118.0,6.0,27.0,91.0,2.0,244.0
39.0,12.0,125.0,15.0,10.0,129.0,1.0,280.0
39.0,13.0,102.0,9.0,26.0,86.0,0.0,223.0
39.0,14.0,95.0,9.0,21.0,68.0,2.0,195.0
39.0,15.0,198.0,7.0,36.0,78.0,2.0,321.0
39.0,16.0,80.0,3.0,6.0,78.0,4.0,171.0
39.0,17.0,139.0,7.0,37.0,115.0,2.0,300.0
39.0,18.0,106.0,3.0,14.0,129.0,0.0,252.0
39.0,19.0,127.0,4.0,31.0,103.0,2.0,267.0
39.0,20.0,151.0,12.0,45.0,120.0,2.0,330.0
39.0,21.0,111.0,12.0,34.0,78.0,2.0,237.0
39.0,22.0,64.0,10.0,16.0,80.0,0.0,170.0
39.0,23.0,150.0,10.0,43.0,91.0,2.0,296.0
39.0,24.0,168.0,11.0,57.0,149.0,3.0,388.0
39.0,25.0,77.0,5.0,14.0,70.0,2.0,168.0
39.0,26.0,127.0,4.0,32.0,103.0,2.0,268.0
39.0,27.0,33.0,2.0,10.0,18.0,0.0,63.0
39.0,28.0,125.0,13.0,33.0,133.0,2.0,306.0
39.0,29.0,58.0,3.0,12.0,36.0,0.0,109.0
39.0,30.0,118.0,11.0,22.0,140.0,7.0,298.0
39.0,31.0,89.0,4.0,23.0,89.0,2.0,207.0
39.0,32.0,123.0,8.0,15.0,88.0,1.0,235.0
39.0,33.0,111.0,13.0,13.0,107.0,4.0,248.0
39.0,34.0,125.0,10.0,22.0,92.0,5.0,254.0
39.0,35.0,109.0,14.0,18.0,136.0,8.0,285.0
39.0,36.0,59.0,7.0,12.0,30.0,1.0,109.0
39.0,37.0,172.0,14.0,28.0,106.0,1.0,321.0
39.0,38.0,111.0,0.0,18.0,47.0,1.0,177.0
39.0,39.0,80.0,3.0,11.0,77.0,1.0,172.0
39.0,40.0,123.0,4.0,33.0,73.0,1.0,234.0
39.0,41.0,161.0,18.0,48.0,114.0,1.0,342.0
39.0,42.0,167.0,10.0,45.0,90.0,1.0,313.0
39.0,43.0,158.0,4.0,37.0,105.0,3.0,307.0
39.0,44.0,112.0,12.0,30.0,85.0,2.0,241.0
39.0,45.0,150.0,12.0,34.0,87.0,2.0,285.0
40.0,1.0,111.0,4.0,17.0,72.0,2.0,206.0
40.0,2.0,106.0,7.0,25.0,81.0,10.0,229.0
40.0,3.0,113.0,4.0,13.0,121.0,1.0,252.0
40.0,4.0,77.0,7.0,13.0,61.0,4.0,162.0
40.0,5.0,121.0,6.0,13.0,109.0,1.0,250.0
40.0,6.0,92.0,8.0,18.0,137.0,3.0,258.0
40.0,7.0,137.0,4.0,22.0,123.0,0.0,286.0
40.0,8.0,118.0,2.0,29.0,153.0,2.0,304.0
40.0,9.0,124.0,14.0,11.0,54.0,4.0,207.0
40.0,10.0,113.0,7.0,16.0,94.0,4.0,234.0
40.0,11.0,145.0,4.0,22.0,116.0,3.0,290.0
40.0,12.0,71.0,4.0,7.0,69.0,4.0,155.0
40.0,13.0,107.0,7.0,21.0,153.0,2.0,290.0
40.0,14.0,107.0,8.0,4.0,66.0,4.0,189.0
40.0,15.0,118.0,6.0,17.0,82.0,2.0,225.0
40.0,16.0,116.0,2.0,15.0,140.0,1.0,274.0
40.0,17.0,118.0,9.0,20.0,92.0,1.0,240.0
40.0,18.0,74.0,21.0,9.0,67.0,3.0,174.0
40.0,19.0,155.0,6.0,29.0,113.0,8.0,311.0
40.0,20.0,114.0,9.0,20.0,70.0,2.0,215.0
40.0,21.0,151.0,6.0,15.0,132.0,1.0,305.0
40.0,22.0,105.0,5.0,9.0,98.0,1.0,218.0
40.0,23.0,162.0,13.0,11.0,125.0,3.0,314.0
40.0,24.0,99.0,11.0,17.0,65.0,3.0,195.0
40.0,25.0,120.0,6.0,14.0,117.0,4.0,261.0
40.0,26.0,126.0,7.0,14.0,138.0,0.0,285.0
40.0,27.0,117.0,17.0,19.0,168.0,3.0,324.0
40.0,28.0,115.0,12.0,12.0,141.0,1.0,281.0
40.0,29.0,170.0,6.0,20.0,92.0,2.0,290.0
40.0,30.0,182.0,10.0,24.0,105.0,2.0,323.0
40.0,31.0,120.0,2.0,12.0,147.0,1.0,282.0
40.0,32.0,134.0,5.0,21.0,119.0,1.0,280.0
40.0,33.0,120.0,6.0,16.0,131.0,1.0,274.0
40.0,34.0,131.0,7.0,15.0,100.0,1.0,254.0
40.0,35.0,96.0,12.0,10.0,58.0,6.0,182.0
40.0,36.0,123.0,8.0,13.0,96.0,1.0,241.0
40.0,37.0,106.0,13.0,15.0,114.0,1.0,249.0
40.0,38.0,113.0,3.0,22.0,150.0,1.0,289.0
40.0,39.0,32.0,5.0,3.0,23.0,3.0,66.0
41.0,1.0,137.0,11.0,65.0,108.0,4.0,325.0
41.0,2.0,170.0,11.0,73.0,102.0,2.0,358.0
41.0,3.0,124.0,6.0,41.0,128.0,5.0,304.0
41.0,4.0,180.0,8.0,55.0,123.0,1.0,367.0
41.0,5.0,154.0,12.0,41.0,94.0,2.0,303.0
41.0,6.0,202.0,15.0,46.0,88.0,3.0,354.0
41.0,7.0,199.0,6.0,67.0,120.0,6.0,398.0
41.0,8.0,147.0,6.0,65.0,110.0,2.0,330.0
41.0,9.0,133.0,2.0,63.0,106.0,0.0,304.0
41.0,10.0,193.0,10.0,63.0,103.0,2.0,371.0
41.0,11.0,169.0,14.0,69.0,106.0,3.0,361.0
41.0,12.0,145.0,6.0,59.0,93.0,2.0,305.0
41.0,13.0,149.0,6.0,100.0,99.0,2.0,356.0
41.0,14.0,199.0,11.0,37.0,112.0,1.0,360.0
41.0,15.0,161.0,15.0,71.0,124.0,3.0,374.0
41.0,16.0,136.0,10.0,50.0,97.0,2.0,295.0
41.0,17.0,157.0,8.0,45.0,97.0,3.0,310.0
41.0,18.0,138.0,8.0,68.0,84.0,3.0,301.0
41.0,19.0,186.0,18.0,57.0,114.0,0.0,375.0
41.0,20.0,156.0,5.0,37.0,75.0,1.0,274.0
41.0,21.0,178.0,10.0,51.0,76.0,2.0,317.0
41.0,22.0,147.0,16.0,68.0,103.0,3.0,337.0
41.0,23.0,165.0,11.0,55.0,84.0,1.0,316.0
41.0,24.0,146.0,1.0,47.0,102.0,0.0,296.0
41.0,25.0,69.0,8.0,19.0,40.0,2.0,138.0
41.0,26.0,146.0,18.0,61.0,111.0,4.0,340.0
41.0,27.0,109.0,3.0,28.0,57.0,1.0,198.0
41.0,28.0,100.0,9.0,16.0,56.0,3.0,184.0
41.0,29.0,84.0,6.0,18.0,41.0,1.0,150.0
41.0,30.0,128.0,5.0,67.0,112.0,2.0,314.0
41.0,31.0,245.0,8.0,46.0,95.0,2.0,396.0
41.0,32.0,124.0,9.0,42.0,67.0,3.0,245.0
41.0,33.0,131.0,12.0,77.0,74.0,0.0,294.0
41.0,34.0,134.0,3.0,56.0,74.0,3.0,270.0
41.0,35.0,159.0,17.0,65.0,114.0,6.0,361.0
41.0,36.0,144.0,7.0,52.0,94.0,1.0,298.0
41.0,37.0,154.0,9.0,63.0,106.0,2.0,334.0
41.0,38.0,127.0,1.0,52.0,97.0,4.0,281.0
41.0,39.0,158.0,11.0,51.0,112.0,3.0,335.0
41.0,40.0,168.0,12.0,83.0,126.0,2.0,391.0
41.0,41.0,167.0,7.0,65.0,101.0,0.0,340.0
41.0,42.0,142.0,16.0,75.0,94.0,3.0,330.0
41.0,43.0,149.0,6.0,52.0,113.0,3.0,323.0
41.0,44.0,170.0,13.0,71.0,112.0,3.0,369.0
41.0,45.0,105.0,14.0,58.0,96.0,3.0,276.0
41.0,46.0,168.0,17.0,49.0,129.0,3.0,366.0
41.0,47.0,138.0,9.0,60.0,99.0,4.0,310.0
42.0,1.0,236.0,7.0,12.0,41.0,1.0,297.0
42.0,2.0,119.0,5.0,14.0,36.0,1.0,175.0
42.0,3.0,93.0,2.0,23.0,44.0,3.0,165.0
42.0,4.0,217.0,8.0,18.0,50.0,2.0,295.0
42.0,5.0,113.0,1.0,4.0,13.0,2.0,133.0
42.0,6.0,229.0,10.0,28.0,85.0,5.0,357.0
42.0,7.0,218.0,11.0,14.0,30.0,2.0,275.0
42.0,8.0,192.0,10.0,18.0,45.0,3.0,268.0
42.0,9.0,127.0,10.0,12.0,49.0,2.0,200.0
42.0,10.0,129.0,8.0,14.0,29.0,3.0,183.0
42.0,11.0,153.0,10.0,20.0,41.0,3.0,227.0
42.0,12.0,148.0,3.0,9.0,28.0,1.0,189.0
42.0,13.0,231.0,9.0,39.0,57.0,5.0,341.0
42.0,14.0,115.0,2.0,3.0,28.0,0.0,148.0
42.0,15.0,91.0,3.0,9.0,18.0,0.0,121.0
42.0,16.0,137.0,10.0,15.0,35.0,0.0,197.0
42.0,17.0,155.0,8.0,8.0,14.0,1.0,186.0
42.0,18.0,109.0,7.0,7.0,25.0,2.0,150.0
42.0,19.0,201.0,9.0,20.0,32.0,2.0,264.0
42.0,20.0,99.0,3.0,11.0,18.0,0.0,131.0
42.0,21.0,98.0,2.0,10.0,34.0,0.0,144.0
42.0,22.0,85.0,5.0,7.0,10.0,0.0,107.0
42.0,23.0,144.0,3.0,7.0,16.0,0.0,170.0
42.0,24.0,183.0,8.0,13.0,33.0,3.0,240.0
42.0,25.0,157.0,10.0,8.0,45.0,3.0,223.0
42.0,26.0,182.0,4.0,10.0,28.0,2.0,226.0
42.0,27.0,154.0,7.0,12.0,46.0,0.0,219.0
42.0,28.0,213.0,7.0,13.0,84.0,7.0,324.0
42.0,29.0,127.0,2.0,15.0,28.0,0.0,172.0
42.0,30.0,203.0,5.0,15.0,48.0,0.0,271.0
42.0,31.0,146.0,5.0,6.0,33.0,2.0,192.0
42.0,32.0,116.0,0.0,6.0,22.0,1.0,145.0
42.0,33.0,124.0,10.0,15.0,35.0,1.0,185.0
42.0,34.0,217.0,5.0,9.0,23.0,2.0,256.0
42.0,35.0,215.0,15.0,16.0,43.0,3.0,292.0
42.0,36.0,135.0,5.0,15.0,35.0,3.0,193.0
42.0,37.0,89.0,3.0,6.0,14.0,2.0,114.0
42.0,38.0,131.0,7.0,6.0,33.0,0.0,177.0
42.0,39.0,94.0,4.0,10.0,25.0,3.0,136.0
42.0,40.0,149.0,6.0,6.0,25.0,1.0,187.0
42.0,41.0,126.0,6.0,14.0,32.0,1.0,179.0
42.0,42.0,170.0,5.0,16.0,35.0,2.0,228.0
43.0,1.0,99.0,16.0,5.0,27.0,3.0,150.0
43.0,2.0,170.0,6.0,12.0,45.0,1.0,234.0
43.0,3.0,214.0,0.0,16.0,42.0,0.0,272.0
43.0,4.0,171.0,6.0,23.0,28.0,0.0,228.0
43.0,5.0,139.0,5.0,13.0,32.0,1.0,190.0
43.0,6.0,96.0,4.0,13.0,35.0,0.0,148.0
43.0,7.0,142.0,9.0,10.0,34.0,0.0,195.0
43.0,8.0,156.0,11.0,7.0,41.0,0.0,215.0
43.0,9.0,232.0,10.0,11.0,59.0,2.0,314.0
43.0,10.0,175.0,6.0,20.0,46.0,2.0,249.0
43.0,11.0,126.0,4.0,10.0,30.0,0.0,170.0
43.0,12.0,121.0,2.0,14.0,24.0,0.0,161.0
43.0,13.0,170.0,14.0,11.0,48.0,3.0,246.0
43.0,14.0,217.0,8.0,10.0,50.0,0.0,285.0
43.0,15.0,166.0,4.0,23.0,50.0,1.0,244.0
43.0,16.0,144.0,7.0,19.0,41.0,0.0,211.0
43.0,17.0,142.0,5.0,11.0,29.0,1.0,188.0
43.0,18.0,194.0,4.0,20.0,51.0,1.0,270.0
43.0,19.0,192.0,7.0,22.0,46.0,3.0,270.0
43.0,20.0,207.0,6.0,12.0,75.0,3.0,303.0
43.0,21.0,173.0,8.0,21.0,59.0,0.0,261.0
43.0,22.0,93.0,4.0,11.0,27.0,1.0,136.0
43.0,23.0,79.0,3.0,2.0,23.0,0.0,107.0
43.0,24.0,133.0,12.0,11.0,30.0,6.0,192.0
43.0,25.0,174.0,11.0,12.0,52.0,1.0,250.0
43.0,26.0,153.0,3.0,14.0,41.0,2.0,213.0
43.0,27.0,198.0,4.0,12.0,44.0,0.0,258.0
43.0,28.0,222.0,4.0,17.0,37.0,5.0,285.0
43.0,29.0,154.0,6.0,10.0,68.0,1.0,239.0
43.0,30.0,164.0,5.0,21.0,34.0,0.0,224.0
43.0,31.0,179.0,17.0,19.0,59.0,4.0,278.0
43.0,32.0,212.0,4.0,12.0,54.0,1.0,283.0
43.0,33.0,234.0,7.0,19.0,38.0,1.0,299.0
43.0,34.0,145.0,5.0,10.0,42.0,2.0,204.0
43.0,35.0,265.0,5.0,36.0,31.0,0.0,337.0
43.0,36.0,41.0,2.0,10.0,25.0,4.0,82.0
43.0,37.0,133.0,3.0,19.0,33.0,3.0,191.0
43.0,38.0,219.0,5.0,8.0,32.0,2.0,266.0
43.0,39.0,130.0,4.0,12.0,46.0,4.0,196.0
43.0,40.0,77.0,5.0,8.0,42.0,7.0,139.0
43.0,41.0,213.0,5.0,20.0,67.0,2.0,307.0
43.0,42.0,145.0,4.0,11.0,52.0,4.0,216.0
43.0,43.0,258.0,5.0,23.0,45.0,0.0,331.0
43.0,44.0,185.0,6.0,15.0,45.0,1.0,252.0
43.0,45.0,138.0,5.0,16.0,25.0,3.0,187.0
43.0,46.0,76.0,5.0,4.0,26.0,0.0,111.0
44.0,1.0,239.0,15.0,24.0,92.0,5.0,375.0
44.0,2.0,120.0,5.0,18.0,57.0,0.0,200.0
44.0,3.0,210.0,5.0,12.0,44.0,0.0,271.0
44.0,4.0,246.0,4.0,14.0,55.0,0.0,319.0
44.0,5.0,125.0,5.0,12.0,57.0,6.0,205.0
44.0,6.0,127.0,6.0,15.0,60.0,1.0,209.0
44.0,7.0,172.0,4.0,15.0,44.0,2.0,237.0
44.0,8.0,155.0,7.0,22.0,79.0,1.0,264.0
44.0,9.0,98.0,2.0,10.0,52.0,0.0,162.0
44.0,10.0,96.0,6.0,12.0,46.0,0.0,160.0
44.0,11.0,119.0,5.0,16.0,59.0,0.0,199.0
44.0,12.0,169.0,4.0,15.0,74.0,1.0,263.0
44.0,13.0,115.0,4.0,10.0,34.0,0.0,163.0
44.0,14.0,105.0,2.0,7.0,56.0,1.0,171.0
44.0,15.0,131.0,5.0,13.0,55.0,0.0,204.0
44.0,16.0,129.0,4.0,12.0,75.0,4.0,224.0
44.0,17.0,211.0,4.0,12.0,75.0,3.0,305.0
44.0,18.0,130.0,7.0,11.0,41.0,1.0,190.0
44.0,19.0,169.0,4.0,24.0,91.0,1.0,289.0
44.0,20.0,77.0,6.0,16.0,45.0,0.0,144.0
44.0,21.0,139.0,7.0,7.0,63.0,0.0,216.0
44.0,22.0,185.0,8.0,23.0,67.0,2.0,285.0
44.0,23.0,103.0,6.0,12.0,45.0,1.0,167.0
44.0,24.0,190.0,3.0,14.0,76.0,1.0,284.0
44.0,25.0,124.0,2.0,10.0,51.0,2.0,189.0
44.0,26.0,128.0,4.0,8.0,60.0,1.0,201.0
44.0,27.0,135.0,6.0,16.0,66.0,1.0,224.0
44.0,28.0,159.0,5.0,18.0,62.0,1.0,245.0
44.0,29.0,107.0,2.0,10.0,62.0,3.0,184.0
44.0,30.0,127.0,6.0,12.0,58.0,1.0,204.0
44.0,31.0,115.0,5.0,12.0,53.0,2.0,187.0
44.0,32.0,157.0,3.0,13.0,78.0,2.0,253.0
44.0,33.0,121.0,5.0,9.0,68.0,2.0,205.0
44.0,34.0,167.0,7.0,13.0,76.0,1.0,264.0
44.0,35.0,234.0,10.0,15.0,76.0,1.0,336.0
44.0,36.0,122.0,3.0,5.0,61.0,1.0,192.0
44.0,37.0,169.0,3.0,12.0,72.0,7.0,263.0
44.0,38.0,120.0,2.0,14.0,46.0,3.0,185.0
44.0,39.0,112.0,1.0,9.0,45.0,1.0,168.0
44.0,40.0,146.0,6.0,8.0,67.0,0.0,227.0
44.0,41.0,148.0,13.0,13.0,56.0,2.0,232.0
45.0,1.0,87.0,5.0,21.0,93.0,1.0,207.0
45.0,2.0,84.0,1.0,14.0,90.0,2.0,191.0
45.0,3.0,109.0,4.0,18.0,94.0,1.0,226.0
45.0,4.0,143.0,11.0,38.0,139.0,6.0,337.0
45.0,5.0,167.0,12.0,23.0,105.0,5.0,312.0
45.0,6.0,188.0,10.0,26.0,130.0,2.0,356.0
45.0,7.0,188.0,13.0,38.0,152.0,0.0,391.0
45.0,8.0,123.0,12.0,13.0,111.0,1.0,260.0
45.0,9.0,113.0,5.0,30.0,114.0,2.0,264.0
45.0,10.0,137.0,4.0,30.0,115.0,1.0,287.0
45.0,11.0,76.0,12.0,17.0,81.0,1.0,187.0
45.0,12.0,122.0,12.0,25.0,103.0,3.0,265.0
45.0,13.0,128.0,7.0,47.0,105.0,2.0,289.0
45.0,14.0,172.0,16.0,30.0,114.0,1.0,333.0
45.0,15.0,203.0,6.0,49.0,160.0,6.0,424.0
45.0,16.0,125.0,11.0,29.0,90.0,5.0,260.0
45.0,17.0,159.0,10.0,38.0,96.0,6.0,309.0
45.0,18.0,128.0,7.0,43.0,117.0,0.0,295.0
45.0,19.0,90.0,4.0,18.0,46.0,3.0,161.0
45.0,20.0,82.0,9.0,21.0,70.0,1.0,183.0
45.0,21.0,150.0,6.0,35.0,107.0,1.0,299.0
45.0,22.0,146.0,5.0,48.0,72.0,1.0,272.0
45.0,23.0,156.0,8.0,44.0,82.0,1.0,291.0
45.0,24.0,129.0,7.0,38.0,84.0,3.0,261.0
45.0,25.0,98.0,5.0,40.0,66.0,0.0,209.0
45.0,26.0,71.0,7.0,35.0,48.0,1.0,162.0
45.0,27.0,109.0,9.0,44.0,99.0,2.0,263.0
45.0,28.0,116.0,11.0,20.0,85.0,4.0,236.0
45.0,29.0,94.0,6.0,30.0,51.0,10.0,191.0
45.0,30.0,128.0,8.0,22.0,87.0,1.0,246.0
45.0,31.0,128.0,10.0,23.0,81.0,2.0,244.0
45.0,32.0,128.0,8.0,22.0,83.0,1.0,242.0
45.0,33.0,87.0,6.0,12.0,67.0,2.0,174.0
45.0,34.0,159.0,8.0,27.0,89.0,4.0,287.0
45.0,35.0,153.0,18.0,55.0,107.0,5.0,338.0
45.0,36.0,146.0,14.0,61.0,115.0,4.0,340.0
45.0,37.0,149.0,11.0,24.0,95.0,0.0,279.0
45.0,38.0,123.0,6.0,24.0,94.0,3.0,250.0
45.0,39.0,128.0,7.0,46.0,95.0,2.0,278.0
45.0,40.0,150.0,12.0,47.0,89.0,3.0,301.0
45.0,41.0,146.0,7.0,58.0,92.0,2.0,305.0
45.0,42.0,171.0,11.0,54.0,102.0,0.0,338.0
45.0,43.0,145.0,8.0,68.0,119.0,2.0,342.0
45.0,44.0,168.0,6.0,49.0,93.0,1.0,317.0
45.0,45.0,97.0,10.0,52.0,61.0,1.0,221.0
45.0,46.0,84.0,7.0,32.0,73.0,4.0,200.0
45.0,47.0,98.0,8.0,49.0,84.0,1.0,240.0
45.0,48.0,111.0,4.0,48.0,67.0,4.0,234.0
46.0,1.0,133.0,14.0,19.0,92.0,6.0,264.0
46.0,2.0,131.0,14.0,6.0,92.0,2.0,245.0
46.0,3.0,216.0,11.0,11.0,81.0,3.0,322.0
46.0,4.0,169.0,11.0,12.0,96.0,3.0,291.0
46.0,5.0,118.0,8.0,14.0,72.0,2.0,214.0
46.0,6.0,136.0,10.0,12.0,80.0,3.0,241.0
46.0,7.0,269.0,14.0,22.0,97.0,6.0,408.0
46.0,8.0,108.0,26.0,10.0,73.0,7.0,224.0
46.0,9.0,139.0,4.0,14.0,85.0,3.0,245.0
46.0,10.0,127.0,6.0,18.0,72.0,2.0,225.0
46.0,11.0,161.0,19.0,11.0,56.0,1.0,248.0
46.0,12.0,121.0,11.0,10.0,113.0,2.0,257.0
46.0,13.0,136.0,4.0,16.0,78.0,4.0,238.0
46.0,14.0,170.0,51.0,10.0,98.0,7.0,336.0
46.0,15.0,152.0,6.0,12.0,66.0,4.0,240.0
46.0,16.0,137.0,6.0,16.0,106.0,0.0,265.0
46.0,17.0,218.0,14.0,17.0,83.0,3.0,335.0
46.0,18.0,132.0,10.0,12.0,82.0,2.0,238.0
46.0,19.0,137.0,2.0,14.0,54.0,3.0,210.0
46.0,20.0,132.0,30.0,15.0,87.0,9.0,273.0
46.0,21.0,106.0,5.0,12.0,58.0,2.0,183.0
46.0,22.0,100.0,15.0,8.0,108.0,0.0,231.0
46.0,23.0,125.0,20.0,8.0,60.0,3.0,216.0
46.0,24.0,192.0,7.0,15.0,75.0,2.0,291.0
46.0,25.0,118.0,15.0,10.0,123.0,2.0,268.0
46.0,26.0,112.0,6.0,19.0,81.0,6.0,224.0
46.0,27.0,147.0,12.0,14.0,75.0,3.0,251.0
46.0,28.0,223.0,6.0,8.0,93.0,4.0,334.0
46.0,29.0,142.0,6.0,11.0,80.0,3.0,242.0
46.0,30.0,135.0,11.0,14.0,89.0,7.0,256.0
46.0,31.0,109.0,4.0,13.0,77.0,2.0,205.0
46.0,32.0,179.0,30.0,8.0,92.0,4.0,313.0
46.0,33.0,195.0,7.0,14.0,86.0,0.0,302.0
46.0,34.0,153.0,10.0,13.0,84.0,1.0,261.0
46.0,35.0,181.0,15.0,14.0,83.0,5.0,298.0
46.0,36.0,175.0,8.0,16.0,77.0,3.0,279.0
46.0,37.0,133.0,18.0,6.0,42.0,1.0,200.0
46.0,38.0,116.0,21.0,9.0,64.0,5.0,215.0
46.0,39.0,144.0,6.0,17.0,63.0,0.0,230.0
46.0,40.0,140.0,11.0,12.0,95.0,3.0,261.0
47.0,1.0,59.0,4.0,8.0,49.0,0.0,120.0
47.0,2.0,185.0,6.0,26.0,121.0,4.0,342.0
47.0,3.0,261.0,8.0,13.0,90.0,0.0,372.0
47.0,4.0,158.0,3.0,19.0,114.0,3.0,297.0
47.0,5.0,142.0,8.0,14.0,93.0,2.0,259.0
47.0,6.0,133.0,3.0,20.0,76.0,3.0,235.0
47.0,7.0,107.0,9.0,15.0,81.0,3.0,215.0
47.0,8.0,169.0,4.0,22.0,87.0,2.0,284.0
47.0,9.0,90.0,5.0,14.0,76.0,1.0,186.0
47.0,10.0,130.0,5.0,10.0,124.0,1.0,270.0
47.0,11.0,95.0,3.0,16.0,62.0,5.0,181.0
47.0,12.0,149.0,6.0,10.0,124.0,0.0,289.0
47.0,13.0,118.0,3.0,16.0,124.0,4.0,265.0
47.0,14.0,139.0,13.0,13.0,97.0,2.0,264.0
47.0,15.0,96.0,7.0,18.0,154.0,1.0,276.0
47.0,16.0,157.0,7.0,16.0,129.0,2.0,311.0
47.0,17.0,128.0,5.0,18.0,86.0,1.0,238.0
47.0,18.0,143.0,5.0,8.0,81.0,2.0,239.0
47.0,19.0,117.0,7.0,12.0,122.0,1.0,259.0
47.0,20.0,135.0,7.0,25.0,117.0,2.0,286.0
47.0,21.0,121.0,5.0,14.0,111.0,4.0,255.0
47.0,22.0,155.0,6.0,21.0,137.0,0.0,319.0
47.0,23.0,95.0,8.0,16.0,125.0,0.0,244.0
47.0,24.0,119.0,2.0,16.0,73.0,0.0,210.0
47.0,25.0,111.0,10.0,4.0,105.0,1.0,231.0
47.0,26.0,115.0,1.0,11.0,124.0,1.0,252.0
47.0,27.0,121.0,2.0,13.0,80.0,2.0,218.0
47.0,28.0,156.0,3.0,17.0,131.0,3.0,310.0
47.0,29.0,137.0,6.0,14.0,103.0,2.0,262.0
47.0,30.0,131.0,6.0,18.0,117.0,0.0,272.0
47.0,31.0,106.0,1.0,14.0,122.0,0.0,243.0
47.0,32.0,126.0,4.0,17.0,132.0,0.0,279.0
47.0,33.0,140.0,3.0,9.0,63.0,3.0,218.0
47.0,34.0,176.0,8.0,14.0,111.0,4.0,313.0
47.0,35.0,137.0,7.0,19.0,82.0,2.0,247.0
47.0,36.0,138.0,5.0,17.0,129.0,1.0,290.0
47.0,37.0,155.0,6.0,13.0,111.0,0.0,285.0
47.0,38.0,133.0,4.0,11.0,106.0,0.0,254.0
47.0,39.0,159.0,2.0,19.0,91.0,2.0,273.0
47.0,40.0,163.0,9.0,15.0,131.0,3.0,321.0
47.0,41.0,130.0,6.0,15.0,134.0,6.0,291.0
47.0,42.0,95.0,5.0,10.0,119.0,3.0,232.0
47.0,43.0,122.0,7.0,18.0,67.0,2.0,216.0
47.0,44.0,163.0,8.0,11.0,67.0,4.0,253.0
47.0,45.0,126.0,7.0,23.0,111.0,2.0,269.0
47.0,46.0,125.0,5.0,17.0,111.0,2.0,260.0
47.0,47.0,127.0,5.0,14.0,102.0,1.0,249.0
47.0,48.0,38.0,2.0,0.0,12.0,0.0,52.0
48.0,1.0,80.0,3.0,13.0,114.0,5.0,215.0
48.0,2.0,75.0,1.0,3.0,58.0,2.0,139.0
48.0,3.0,118.0,13.0,20.0,95.0,3.0,249.0
48.0,4.0,148.0,5.0,7.0,80.0,2.0,242.0
48.0,5.0,122.0,3.0,9.0,75.0,4.0,213.0
48.0,6.0,143.0,17.0,6.0,89.0,4.0,259.0
48.0,7.0,93.0,4.0,11.0,108.0,1.0,217.0
48.0,8.0,98.0,2.0,12.0,51.0,1.0,164.0
48.0,9.0,128.0,9.0,15.0,49.0,4.0,205.0
48.0,10.0,139.0,8.0,12.0,164.0,0.0,323.0
48.0,11.0,122.0,6.0,15.0,102.0,0.0,245.0
48.0,12.0,149.0,9.0,16.0,100.0,4.0,278.0
48.0,13.0,227.0,20.0,15.0,94.0,6.0,362.0
48.0,14.0,118.0,9.0,12.0,51.0,4.0,194.0
48.0,15.0,95.0,8.0,6.0,51.0,5.0,165.0
48.0,16.0,127.0,17.0,12.0,90.0,5.0,251.0
48.0,17.0,156.0,11.0,8.0,93.0,4.0,272.0
48.0,18.0,157.0,23.0,17.0,57.0,9.0,263.0
48.0,19.0,91.0,4.0,9.0,77.0,1.0,182.0
48.0,20.0,99.0,11.0,12.0,166.0,2.0,290.0
48.0,21.0,157.0,36.0,15.0,96.0,4.0,308.0
48.0,22.0,201.0,15.0,6.0,93.0,4.0,319.0
48.0,23.0,200.0,18.0,24.0,114.0,6.0,362.0
48.0,24.0,145.0,9.0,18.0,88.0,2.0,262.0
48.0,25.0,114.0,4.0,9.0,132.0,1.0,260.0
48.0,26.0,74.0,3.0,10.0,43.0,1.0,131.0
48.0,27.0,97.0,5.0,11.0,75.0,4.0,192.0
48.0,28.0,212.0,20.0,21.0,82.0,5.0,340.0
48.0,29.0,179.0,2.0,10.0,32.0,2.0,225.0
48.0,30.0,87.0,6.0,15.0,112.0,4.0,224.0
48.0,31.0,146.0,23.0,12.0,109.0,6.0,296.0
48.0,32.0,88.0,12.0,10.0,84.0,3.0,197.0
48.0,33.0,150.0,3.0,7.0,52.0,2.0,214.0
48.0,34.0,114.0,5.0,18.0,111.0,0.0,248.0
48.0,35.0,131.0,21.0,10.0,46.0,2.0,210.0
48.0,36.0,141.0,6.0,8.0,66.0,1.0,222.0
48.0,37.0,76.0,4.0,6.0,135.0,3.0,224.0
48.0,38.0,153.0,6.0,5.0,152.0,4.0,320.0
48.0,39.0,154.0,10.0,8.0,70.0,3.0,245.0
48.0,40.0,94.0,6.0,10.0,105.0,1.0,216.0
48.0,41.0,109.0,13.0,19.0,94.0,4.0,239.0
48.0,42.0,99.0,4.0,15.0,145.0,3.0,266.0
48.0,43.0,143.0,15.0,17.0,91.0,7.0,273.0
48.0,44.0,123.0,3.0,15.0,116.0,3.0,260.0
48.0,45.0,60.0,6.0,7.0,93.0,3.0,169.0
48.0,46.0,106.0,9.0,13.0,65.0,4.0,197.0
49.0,1.0,76.0,19.0,4.0,51.0,7.0,157.0
49.0,2.0,82.0,5.0,9.0,88.0,1.0,185.0
49.0,3.0,121.0,18.0,11.0,151.0,6.0,307.0
49.0,4.0,102.0,8.0,21.0,161.0,2.0,294.0
49.0,5.0,133.0,31.0,18.0,98.0,8.0,288.0
49.0,6.0,95.0,14.0,9.0,96.0,5.0,219.0
49.0,7.0,119.0,7.0,17.0,102.0,2.0,247.0
49.0,8.0,110.0,6.0,11.0,83.0,4.0,214.0
49.0,9.0,120.0,12.0,16.0,114.0,4.0,266.0
49.0,10.0,111.0,14.0,12.0,127.0,6.0,270.0
49.0,11.0,121.0,14.0,19.0,149.0,7.0,310.0
49.0,12.0,121.0,10.0,11.0,150.0,8.0,300.0
49.0,13.0,129.0,13.0,16.0,153.0,2.0,313.0
49.0,14.0,137.0,19.0,13.0,87.0,5.0,261.0
49.0,15.0,83.0,11.0,10.0,80.0,5.0,189.0
49.0,16.0,174.0,13.0,13.0,102.0,11.0,313.0
49.0,17.0,144.0,11.0,11.0,78.0,2.0,246.0
49.0,18.0,122.0,7.0,14.0,184.0,4.0,331.0
49.0,19.0,108.0,8.0,6.0,91.0,6.0,219.0
49.0,20.0,148.0,16.0,19.0,191.0,5.0,379.0
49.0,21.0,92.0,7.0,10.0,55.0,5.0,169.0
49.0,22.0,133.0,27.0,10.0,141.0,8.0,319.0
49.0,23.0,111.0,9.0,17.0,147.0,7.0,291.0
49.0,24.0,93.0,31.0,7.0,74.0,5.0,210.0
49.0,25.0,124.0,10.0,21.0,169.0,4.0,328.0
49.0,26.0,137.0,23.0,14.0,123.0,5.0,302.0
49.0,27.0,115.0,21.0,5.0,111.0,10.0,262.0
49.0,28.0,120.0,9.0,17.0,142.0,4.0,292.0
49.0,29.0,119.0,10.0,15.0,153.0,10.0,307.0
49.0,30.0,123.0,11.0,17.0,121.0,8.0,280.0
49.0,31.0,114.0,22.0,10.0,72.0,5.0,223.0
49.0,32.0,140.0,30.0,13.0,104.0,6.0,293.0
49.0,33.0,90.0,18.0,9.0,106.0,1.0,224.0
50.0,1.0,166.0,17.0,5.0,64.0,4.0,256.0
50.0,2.0,84.0,6.0,17.0,38.0,0.0,145.0
50.0,3.0,139.0,5.0,20.0,77.0,1.0,242.0
50.0,4.0,136.0,6.0,11.0,97.0,6.0,256.0
50.0,5.0,134.0,9.0,21.0,45.0,3.0,212.0
50.0,6.0,148.0,12.0,26.0,70.0,5.0,261.0
50.0,7.0,138.0,11.0,23.0,145.0,8.0,325.0
50.0,8.0,88.0,12.0,5.0,82.0,4.0,191.0
50.0,9.0,96.0,10.0,16.0,75.0,3.0,200.0
50.0,10.0,119.0,7.0,17.0,50.0,1.0,194.0
50.0,11.0,110.0,8.0,11.0,25.0,3.0,157.0
50.0,12.0,97.0,7.0,8.0,16.0,2.0,130.0
50.0,13.0,79.0,15.0,12.0,72.0,9.0,187.0
50.0,14.0,66.0,5.0,2.0,17.0,0.0,90.0
50.0,15.0,136.0,5.0,25.0,123.0,5.0,294.0
50.0,16.0,73.0,0.0,6.0,19.0,0.0,98.0
50.0,17.0,86.0,14.0,16.0,53.0,2.0,171.0
50.0,18.0,66.0,0.0,3.0,4.0,1.0,74.0
50.0,19.0,66.0,12.0,17.0,58.0,3.0,156.0
50.0,20.0,102.0,10.0,15.0,127.0,0.0,254.0
50.0,21.0,72.0,2.0,13.0,75.0,1.0,163.0
50.0,22.0,113.0,9.0,16.0,36.0,4.0,178.0
50.0,23.0,94.0,5.0,10.0,38.0,3.0,150.0
50.0,24.0,140.0,4.0,18.0,46.0,1.0,209.0
50.0,25.0,135.0,8.0,14.0,69.0,5.0,231.0
50.0,26.0,114.0,9.0,11.0,73.0,2.0,209.0
50.0,27.0,62.0,4.0,3.0,19.0,0.0,88.0
50.0,28.0,131.0,17.0,11.0,67.0,4.0,230.0
50.0,29.0,67.0,14.0,7.0,70.0,5.0,163.0
50.0,30.0,84.0,6.0,10.0,66.0,1.0,167.0
50.0,31.0,99.0,14.0,5.0,87.0,6.0,211.0
50.0,32.0,103.0,16.0,15.0,74.0,1.0,209.0
50.0,33.0,130.0,4.0,20.0,41.0,0.0,195.0
50.0,34.0,147.0,11.0,15.0,118.0,3.0,294.0
50.0,35.0,119.0,9.0,14.0,114.0,3.0,259.0
50.0,36.0,114.0,4.0,19.0,97.0,1.0,235.0
50.0,37.0,112.0,8.0,16.0,85.0,1.0,222.0
50.0,38.0,110.0,6.0,10.0,22.0,3.0,151.0
50.0,39.0,96.0,2.0,12.0,37.0,0.0,147.0
50.0,40.0,170.0,13.0,26.0,47.0,0.0,256.0
